date,province,confirmed,released,deceased
"2020-01-20","Busan",0,0,0
"2020-01-20","Chungcheongbuk-do",0,0,0
"2020-01-20","Chungcheongnam-do",0,0,0
"2020-01-20","Daegu",0,0,0
"2020-01-20","Daejeon",0,0,0
"2020-01-20","Gangwon-do",0,0,0
"2020-01-20","Gwangju",0,0,0
"2020-01-20","Gyeonggi-do",0,0,0
"2020-01-20","Gyeongsangbuk-do",0,0,0
"2020-01-20","Gyeongsangnam-do",0,0,0
"2020-01-20","Incheon",1,0,0
"2020-01-20","Jeju-do",0,0,0
"2020-01-20","Jeollabuk-do",0,0,0
"2020-01-20","Jeollanam-do",0,0,0
"2020-01-20","Sejong",0,0,0
"2020-01-20","Seoul",0,0,0
"2020-01-20","Ulsan",0,0,0
"2020-01-21","Busan",0,0,0
"2020-01-21","Chungcheongbuk-do",0,0,0
"2020-01-21","Chungcheongnam-do",0,0,0
"2020-01-21","Daegu",0,0,0
"2020-01-21","Daejeon",0,0,0
"2020-01-21","Gangwon-do",0,0,0
"2020-01-21","Gwangju",0,0,0
"2020-01-21","Gyeonggi-do",0,0,0
"2020-01-21","Gyeongsangbuk-do",0,0,0
"2020-01-21","Gyeongsangnam-do",0,0,0
"2020-01-21","Incheon",1,0,0
"2020-01-21","Jeju-do",0,0,0
"2020-01-21","Jeollabuk-do",0,0,0
"2020-01-21","Jeollanam-do",0,0,0
"2020-01-21","Sejong",0,0,0
"2020-01-21","Seoul",0,0,0
"2020-01-21","Ulsan",0,0,0
"2020-01-22","Busan",0,0,0
"2020-01-22","Chungcheongbuk-do",0,0,0
"2020-01-22","Chungcheongnam-do",0,0,0
"2020-01-22","Daegu",0,0,0
"2020-01-22","Daejeon",0,0,0
"2020-01-22","Gangwon-do",0,0,0
"2020-01-22","Gwangju",0,0,0
"2020-01-22","Gyeonggi-do",0,0,0
"2020-01-22","Gyeongsangbuk-do",0,0,0
"2020-01-22","Gyeongsangnam-do",0,0,0
"2020-01-22","Incheon",1,0,0
"2020-01-22","Jeju-do",0,0,0
"2020-01-22","Jeollabuk-do",0,0,0
"2020-01-22","Jeollanam-do",0,0,0
"2020-01-22","Sejong",0,0,0
"2020-01-22","Seoul",0,0,0
"2020-01-22","Ulsan",0,0,0
"2020-01-23","Busan",0,0,0
"2020-01-23","Chungcheongbuk-do",0,0,0
"2020-01-23","Chungcheongnam-do",0,0,0
"2020-01-23","Daegu",0,0,0
"2020-01-23","Daejeon",0,0,0
"2020-01-23","Gangwon-do",0,0,0
"2020-01-23","Gwangju",0,0,0
"2020-01-23","Gyeonggi-do",0,0,0
"2020-01-23","Gyeongsangbuk-do",0,0,0
"2020-01-23","Gyeongsangnam-do",0,0,0
"2020-01-23","Incheon",1,0,0
"2020-01-23","Jeju-do",0,0,0
"2020-01-23","Jeollabuk-do",0,0,0
"2020-01-23","Jeollanam-do",0,0,0
"2020-01-23","Sejong",0,0,0
"2020-01-23","Seoul",0,0,0
"2020-01-23","Ulsan",0,0,0
"2020-01-24","Busan",0,0,0
"2020-01-24","Chungcheongbuk-do",0,0,0
"2020-01-24","Chungcheongnam-do",0,0,0
"2020-01-24","Daegu",0,0,0
"2020-01-24","Daejeon",0,0,0
"2020-01-24","Gangwon-do",0,0,0
"2020-01-24","Gwangju",0,0,0
"2020-01-24","Gyeonggi-do",1,0,0
"2020-01-24","Gyeongsangbuk-do",0,0,0
"2020-01-24","Gyeongsangnam-do",0,0,0
"2020-01-24","Incheon",1,0,0
"2020-01-24","Jeju-do",0,0,0
"2020-01-24","Jeollabuk-do",0,0,0
"2020-01-24","Jeollanam-do",0,0,0
"2020-01-24","Sejong",0,0,0
"2020-01-24","Seoul",0,0,0
"2020-01-24","Ulsan",0,0,0
"2020-01-25","Busan",0,0,0
"2020-01-25","Chungcheongbuk-do",0,0,0
"2020-01-25","Chungcheongnam-do",0,0,0
"2020-01-25","Daegu",0,0,0
"2020-01-25","Daejeon",0,0,0
"2020-01-25","Gangwon-do",0,0,0
"2020-01-25","Gwangju",0,0,0
"2020-01-25","Gyeonggi-do",1,0,0
"2020-01-25","Gyeongsangbuk-do",0,0,0
"2020-01-25","Gyeongsangnam-do",0,0,0
"2020-01-25","Incheon",1,0,0
"2020-01-25","Jeju-do",0,0,0
"2020-01-25","Jeollabuk-do",0,0,0
"2020-01-25","Jeollanam-do",0,0,0
"2020-01-25","Sejong",0,0,0
"2020-01-25","Seoul",0,0,0
"2020-01-25","Ulsan",0,0,0
"2020-01-26","Busan",0,0,0
"2020-01-26","Chungcheongbuk-do",0,0,0
"2020-01-26","Chungcheongnam-do",0,0,0
"2020-01-26","Daegu",0,0,0
"2020-01-26","Daejeon",0,0,0
"2020-01-26","Gangwon-do",0,0,0
"2020-01-26","Gwangju",0,0,0
"2020-01-26","Gyeonggi-do",2,0,0
"2020-01-26","Gyeongsangbuk-do",0,0,0
"2020-01-26","Gyeongsangnam-do",0,0,0
"2020-01-26","Incheon",1,0,0
"2020-01-26","Jeju-do",0,0,0
"2020-01-26","Jeollabuk-do",0,0,0
"2020-01-26","Jeollanam-do",0,0,0
"2020-01-26","Sejong",0,0,0
"2020-01-26","Seoul",0,0,0
"2020-01-26","Ulsan",0,0,0
"2020-01-27","Busan",0,0,0
"2020-01-27","Chungcheongbuk-do",0,0,0
"2020-01-27","Chungcheongnam-do",0,0,0
"2020-01-27","Daegu",0,0,0
"2020-01-27","Daejeon",0,0,0
"2020-01-27","Gangwon-do",0,0,0
"2020-01-27","Gwangju",0,0,0
"2020-01-27","Gyeonggi-do",2,0,0
"2020-01-27","Gyeongsangbuk-do",0,0,0
"2020-01-27","Gyeongsangnam-do",0,0,0
"2020-01-27","Incheon",1,0,0
"2020-01-27","Jeju-do",0,0,0
"2020-01-27","Jeollabuk-do",0,0,0
"2020-01-27","Jeollanam-do",0,0,0
"2020-01-27","Sejong",0,0,0
"2020-01-27","Seoul",1,0,0
"2020-01-27","Ulsan",0,0,0
"2020-01-28","Busan",0,0,0
"2020-01-28","Chungcheongbuk-do",0,0,0
"2020-01-28","Chungcheongnam-do",0,0,0
"2020-01-28","Daegu",0,0,0
"2020-01-28","Daejeon",0,0,0
"2020-01-28","Gangwon-do",0,0,0
"2020-01-28","Gwangju",0,0,0
"2020-01-28","Gyeonggi-do",2,0,0
"2020-01-28","Gyeongsangbuk-do",0,0,0
"2020-01-28","Gyeongsangnam-do",0,0,0
"2020-01-28","Incheon",1,0,0
"2020-01-28","Jeju-do",0,0,0
"2020-01-28","Jeollabuk-do",0,0,0
"2020-01-28","Jeollanam-do",0,0,0
"2020-01-28","Sejong",0,0,0
"2020-01-28","Seoul",1,0,0
"2020-01-28","Ulsan",0,0,0
"2020-01-29","Busan",0,0,0
"2020-01-29","Chungcheongbuk-do",0,0,0
"2020-01-29","Chungcheongnam-do",0,0,0
"2020-01-29","Daegu",0,0,0
"2020-01-29","Daejeon",0,0,0
"2020-01-29","Gangwon-do",0,0,0
"2020-01-29","Gwangju",0,0,0
"2020-01-29","Gyeonggi-do",2,0,0
"2020-01-29","Gyeongsangbuk-do",0,0,0
"2020-01-29","Gyeongsangnam-do",0,0,0
"2020-01-29","Incheon",1,0,0
"2020-01-29","Jeju-do",0,0,0
"2020-01-29","Jeollabuk-do",0,0,0
"2020-01-29","Jeollanam-do",0,0,0
"2020-01-29","Sejong",0,0,0
"2020-01-29","Seoul",1,0,0
"2020-01-29","Ulsan",0,0,0
"2020-01-30","Busan",0,0,0
"2020-01-30","Chungcheongbuk-do",0,0,0
"2020-01-30","Chungcheongnam-do",0,0,0
"2020-01-30","Daegu",0,0,0
"2020-01-30","Daejeon",0,0,0
"2020-01-30","Gangwon-do",0,0,0
"2020-01-30","Gwangju",0,0,0
"2020-01-30","Gyeonggi-do",3,0,0
"2020-01-30","Gyeongsangbuk-do",0,0,0
"2020-01-30","Gyeongsangnam-do",0,0,0
"2020-01-30","Incheon",1,0,0
"2020-01-30","Jeju-do",0,0,0
"2020-01-30","Jeollabuk-do",0,0,0
"2020-01-30","Jeollanam-do",0,0,0
"2020-01-30","Sejong",0,0,0
"2020-01-30","Seoul",3,0,0
"2020-01-30","Ulsan",0,0,0
"2020-01-31","Busan",0,0,0
"2020-01-31","Chungcheongbuk-do",0,0,0
"2020-01-31","Chungcheongnam-do",0,0,0
"2020-01-31","Daegu",0,0,0
"2020-01-31","Daejeon",0,0,0
"2020-01-31","Gangwon-do",0,0,0
"2020-01-31","Gwangju",0,0,0
"2020-01-31","Gyeonggi-do",5,0,0
"2020-01-31","Gyeongsangbuk-do",0,0,0
"2020-01-31","Gyeongsangnam-do",0,0,0
"2020-01-31","Incheon",1,0,0
"2020-01-31","Jeju-do",0,0,0
"2020-01-31","Jeollabuk-do",1,0,0
"2020-01-31","Jeollanam-do",0,0,0
"2020-01-31","Sejong",0,0,0
"2020-01-31","Seoul",4,0,0
"2020-01-31","Ulsan",0,0,0
"2020-02-01","Busan",0,0,0
"2020-02-01","Chungcheongbuk-do",0,0,0
"2020-02-01","Chungcheongnam-do",0,0,0
"2020-02-01","Daegu",0,0,0
"2020-02-01","Daejeon",0,0,0
"2020-02-01","Gangwon-do",0,0,0
"2020-02-01","Gwangju",0,0,0
"2020-02-01","Gyeonggi-do",6,0,0
"2020-02-01","Gyeongsangbuk-do",0,0,0
"2020-02-01","Gyeongsangnam-do",0,0,0
"2020-02-01","Incheon",1,0,0
"2020-02-01","Jeju-do",0,0,0
"2020-02-01","Jeollabuk-do",1,0,0
"2020-02-01","Jeollanam-do",0,0,0
"2020-02-01","Sejong",0,0,0
"2020-02-01","Seoul",4,0,0
"2020-02-01","Ulsan",0,0,0
"2020-02-02","Busan",0,0,0
"2020-02-02","Chungcheongbuk-do",0,0,0
"2020-02-02","Chungcheongnam-do",0,0,0
"2020-02-02","Daegu",0,0,0
"2020-02-02","Daejeon",0,0,0
"2020-02-02","Gangwon-do",0,0,0
"2020-02-02","Gwangju",0,0,0
"2020-02-02","Gyeonggi-do",8,0,0
"2020-02-02","Gyeongsangbuk-do",0,0,0
"2020-02-02","Gyeongsangnam-do",0,0,0
"2020-02-02","Incheon",1,0,0
"2020-02-02","Jeju-do",0,0,0
"2020-02-02","Jeollabuk-do",1,0,0
"2020-02-02","Jeollanam-do",0,0,0
"2020-02-02","Sejong",0,0,0
"2020-02-02","Seoul",5,0,0
"2020-02-02","Ulsan",0,0,0
"2020-02-03","Busan",0,0,0
"2020-02-03","Chungcheongbuk-do",0,0,0
"2020-02-03","Chungcheongnam-do",0,0,0
"2020-02-03","Daegu",0,0,0
"2020-02-03","Daejeon",0,0,0
"2020-02-03","Gangwon-do",0,0,0
"2020-02-03","Gwangju",0,0,0
"2020-02-03","Gyeonggi-do",8,0,0
"2020-02-03","Gyeongsangbuk-do",0,0,0
"2020-02-03","Gyeongsangnam-do",0,0,0
"2020-02-03","Incheon",1,0,0
"2020-02-03","Jeju-do",0,0,0
"2020-02-03","Jeollabuk-do",1,0,0
"2020-02-03","Jeollanam-do",0,0,0
"2020-02-03","Sejong",0,0,0
"2020-02-03","Seoul",5,0,0
"2020-02-03","Ulsan",0,0,0
"2020-02-04","Busan",0,0,0
"2020-02-04","Chungcheongbuk-do",0,0,0
"2020-02-04","Chungcheongnam-do",0,0,0
"2020-02-04","Daegu",0,0,0
"2020-02-04","Daejeon",0,0,0
"2020-02-04","Gangwon-do",0,0,0
"2020-02-04","Gwangju",1,0,0
"2020-02-04","Gyeonggi-do",8,0,0
"2020-02-04","Gyeongsangbuk-do",0,0,0
"2020-02-04","Gyeongsangnam-do",0,0,0
"2020-02-04","Incheon",1,0,0
"2020-02-04","Jeju-do",0,0,0
"2020-02-04","Jeollabuk-do",1,0,0
"2020-02-04","Jeollanam-do",0,0,0
"2020-02-04","Sejong",0,0,0
"2020-02-04","Seoul",5,0,0
"2020-02-04","Ulsan",0,0,0
"2020-02-05","Busan",0,0,0
"2020-02-05","Chungcheongbuk-do",0,0,0
"2020-02-05","Chungcheongnam-do",0,0,0
"2020-02-05","Daegu",0,0,0
"2020-02-05","Daejeon",0,0,0
"2020-02-05","Gangwon-do",0,0,0
"2020-02-05","Gwangju",1,0,0
"2020-02-05","Gyeonggi-do",10,0,0
"2020-02-05","Gyeongsangbuk-do",0,0,0
"2020-02-05","Gyeongsangnam-do",0,0,0
"2020-02-05","Incheon",1,0,0
"2020-02-05","Jeju-do",0,0,0
"2020-02-05","Jeollabuk-do",1,0,0
"2020-02-05","Jeollanam-do",0,0,0
"2020-02-05","Sejong",0,0,0
"2020-02-05","Seoul",5,1,0
"2020-02-05","Ulsan",0,0,0
"2020-02-06","Busan",0,0,0
"2020-02-06","Chungcheongbuk-do",0,0,0
"2020-02-06","Chungcheongnam-do",0,0,0
"2020-02-06","Daegu",0,0,0
"2020-02-06","Daejeon",0,0,0
"2020-02-06","Gangwon-do",0,0,0
"2020-02-06","Gwangju",1,0,0
"2020-02-06","Gyeonggi-do",10,0,0
"2020-02-06","Gyeongsangbuk-do",0,0,0
"2020-02-06","Gyeongsangnam-do",0,0,0
"2020-02-06","Incheon",1,1,0
"2020-02-06","Jeju-do",0,0,0
"2020-02-06","Jeollabuk-do",1,0,0
"2020-02-06","Jeollanam-do",0,0,0
"2020-02-06","Sejong",0,0,0
"2020-02-06","Seoul",10,1,0
"2020-02-06","Ulsan",0,0,0
"2020-02-07","Busan",0,0,0
"2020-02-07","Chungcheongbuk-do",0,0,0
"2020-02-07","Chungcheongnam-do",0,0,0
"2020-02-07","Daegu",0,0,0
"2020-02-07","Daejeon",0,0,0
"2020-02-07","Gangwon-do",0,0,0
"2020-02-07","Gwangju",1,0,0
"2020-02-07","Gyeonggi-do",10,0,0
"2020-02-07","Gyeongsangbuk-do",0,0,0
"2020-02-07","Gyeongsangnam-do",0,0,0
"2020-02-07","Incheon",1,1,0
"2020-02-07","Jeju-do",0,0,0
"2020-02-07","Jeollabuk-do",1,0,0
"2020-02-07","Jeollanam-do",0,0,0
"2020-02-07","Sejong",0,0,0
"2020-02-07","Seoul",11,1,0
"2020-02-07","Ulsan",0,0,0
"2020-02-08","Busan",0,0,0
"2020-02-08","Chungcheongbuk-do",0,0,0
"2020-02-08","Chungcheongnam-do",0,0,0
"2020-02-08","Daegu",0,0,0
"2020-02-08","Daejeon",0,0,0
"2020-02-08","Gangwon-do",0,0,0
"2020-02-08","Gwangju",1,0,0
"2020-02-08","Gyeonggi-do",10,0,0
"2020-02-08","Gyeongsangbuk-do",0,0,0
"2020-02-08","Gyeongsangnam-do",0,0,0
"2020-02-08","Incheon",1,1,0
"2020-02-08","Jeju-do",0,0,0
"2020-02-08","Jeollabuk-do",1,0,0
"2020-02-08","Jeollanam-do",0,0,0
"2020-02-08","Sejong",0,0,0
"2020-02-08","Seoul",11,1,0
"2020-02-08","Ulsan",0,0,0
"2020-02-09","Busan",0,0,0
"2020-02-09","Chungcheongbuk-do",0,0,0
"2020-02-09","Chungcheongnam-do",0,0,0
"2020-02-09","Daegu",0,0,0
"2020-02-09","Daejeon",0,0,0
"2020-02-09","Gangwon-do",0,0,0
"2020-02-09","Gwangju",1,0,0
"2020-02-09","Gyeonggi-do",10,1,0
"2020-02-09","Gyeongsangbuk-do",0,1,0
"2020-02-09","Gyeongsangnam-do",0,0,0
"2020-02-09","Incheon",1,1,0
"2020-02-09","Jeju-do",0,0,0
"2020-02-09","Jeollabuk-do",1,0,0
"2020-02-09","Jeollanam-do",0,0,0
"2020-02-09","Sejong",0,0,0
"2020-02-09","Seoul",14,1,0
"2020-02-09","Ulsan",0,0,0
"2020-02-10","Busan",0,0,0
"2020-02-10","Chungcheongbuk-do",0,0,0
"2020-02-10","Chungcheongnam-do",0,0,0
"2020-02-10","Daegu",0,0,0
"2020-02-10","Daejeon",0,0,0
"2020-02-10","Gangwon-do",0,0,0
"2020-02-10","Gwangju",1,0,0
"2020-02-10","Gyeonggi-do",10,1,0
"2020-02-10","Gyeongsangbuk-do",0,1,0
"2020-02-10","Gyeongsangnam-do",0,0,0
"2020-02-10","Incheon",1,1,0
"2020-02-10","Jeju-do",0,0,0
"2020-02-10","Jeollabuk-do",1,0,0
"2020-02-10","Jeollanam-do",0,0,0
"2020-02-10","Sejong",0,0,0
"2020-02-10","Seoul",14,1,0
"2020-02-10","Ulsan",0,0,0
"2020-02-11","Busan",0,0,0
"2020-02-11","Chungcheongbuk-do",0,0,0
"2020-02-11","Chungcheongnam-do",0,0,0
"2020-02-11","Daegu",0,0,0
"2020-02-11","Daejeon",0,0,0
"2020-02-11","Gangwon-do",0,0,0
"2020-02-11","Gwangju",1,0,0
"2020-02-11","Gyeonggi-do",12,3,0
"2020-02-11","Gyeongsangbuk-do",0,1,0
"2020-02-11","Gyeongsangnam-do",0,0,0
"2020-02-11","Incheon",1,1,0
"2020-02-11","Jeju-do",0,0,0
"2020-02-11","Jeollabuk-do",1,0,0
"2020-02-11","Jeollanam-do",0,0,0
"2020-02-11","Sejong",0,0,0
"2020-02-11","Seoul",14,2,0
"2020-02-11","Ulsan",0,0,0
"2020-02-12","Busan",0,0,0
"2020-02-12","Chungcheongbuk-do",0,0,0
"2020-02-12","Chungcheongnam-do",0,0,0
"2020-02-12","Daegu",0,0,0
"2020-02-12","Daejeon",0,0,0
"2020-02-12","Gangwon-do",0,0,0
"2020-02-12","Gwangju",1,0,0
"2020-02-12","Gyeonggi-do",12,3,0
"2020-02-12","Gyeongsangbuk-do",0,1,0
"2020-02-12","Gyeongsangnam-do",0,0,0
"2020-02-12","Incheon",1,1,0
"2020-02-12","Jeju-do",0,0,0
"2020-02-12","Jeollabuk-do",1,0,0
"2020-02-12","Jeollanam-do",0,0,0
"2020-02-12","Sejong",0,0,0
"2020-02-12","Seoul",14,2,0
"2020-02-12","Ulsan",0,0,0
"2020-02-13","Busan",0,0,0
"2020-02-13","Chungcheongbuk-do",0,0,0
"2020-02-13","Chungcheongnam-do",0,0,0
"2020-02-13","Daegu",0,0,0
"2020-02-13","Daejeon",0,0,0
"2020-02-13","Gangwon-do",0,0,0
"2020-02-13","Gwangju",1,0,0
"2020-02-13","Gyeonggi-do",12,5,0
"2020-02-13","Gyeongsangbuk-do",0,1,0
"2020-02-13","Gyeongsangnam-do",0,0,0
"2020-02-13","Incheon",1,1,0
"2020-02-13","Jeju-do",0,0,0
"2020-02-13","Jeollabuk-do",1,1,0
"2020-02-13","Jeollanam-do",0,0,0
"2020-02-13","Sejong",0,0,0
"2020-02-13","Seoul",14,2,0
"2020-02-13","Ulsan",0,0,0
"2020-02-14","Busan",0,0,0
"2020-02-14","Chungcheongbuk-do",0,0,0
"2020-02-14","Chungcheongnam-do",0,0,0
"2020-02-14","Daegu",0,0,0
"2020-02-14","Daejeon",0,0,0
"2020-02-14","Gangwon-do",0,0,0
"2020-02-14","Gwangju",1,0,0
"2020-02-14","Gyeonggi-do",12,5,0
"2020-02-14","Gyeongsangbuk-do",0,1,0
"2020-02-14","Gyeongsangnam-do",0,0,0
"2020-02-14","Incheon",1,1,0
"2020-02-14","Jeju-do",0,0,0
"2020-02-14","Jeollabuk-do",1,1,0
"2020-02-14","Jeollanam-do",0,0,0
"2020-02-14","Sejong",0,0,0
"2020-02-14","Seoul",14,2,0
"2020-02-14","Ulsan",0,0,0
"2020-02-15","Busan",0,0,0
"2020-02-15","Chungcheongbuk-do",0,0,0
"2020-02-15","Chungcheongnam-do",0,0,0
"2020-02-15","Daegu",0,0,0
"2020-02-15","Daejeon",0,0,0
"2020-02-15","Gangwon-do",0,0,0
"2020-02-15","Gwangju",1,0,0
"2020-02-15","Gyeonggi-do",12,5,0
"2020-02-15","Gyeongsangbuk-do",0,1,0
"2020-02-15","Gyeongsangnam-do",0,0,0
"2020-02-15","Incheon",1,1,0
"2020-02-15","Jeju-do",0,0,0
"2020-02-15","Jeollabuk-do",1,1,0
"2020-02-15","Jeollanam-do",0,0,0
"2020-02-15","Sejong",0,0,0
"2020-02-15","Seoul",14,2,0
"2020-02-15","Ulsan",0,0,0
"2020-02-16","Busan",0,0,0
"2020-02-16","Chungcheongbuk-do",0,0,0
"2020-02-16","Chungcheongnam-do",0,0,0
"2020-02-16","Daegu",0,0,0
"2020-02-16","Daejeon",0,0,0
"2020-02-16","Gangwon-do",0,0,0
"2020-02-16","Gwangju",1,0,0
"2020-02-16","Gyeonggi-do",12,5,0
"2020-02-16","Gyeongsangbuk-do",0,1,0
"2020-02-16","Gyeongsangnam-do",0,0,0
"2020-02-16","Incheon",1,1,0
"2020-02-16","Jeju-do",0,0,0
"2020-02-16","Jeollabuk-do",1,1,0
"2020-02-16","Jeollanam-do",0,0,0
"2020-02-16","Sejong",0,0,0
"2020-02-16","Seoul",14,3,0
"2020-02-16","Ulsan",0,0,0
"2020-02-17","Busan",0,0,0
"2020-02-17","Chungcheongbuk-do",0,0,0
"2020-02-17","Chungcheongnam-do",0,0,0
"2020-02-17","Daegu",0,0,0
"2020-02-17","Daejeon",0,0,0
"2020-02-17","Gangwon-do",0,0,0
"2020-02-17","Gwangju",1,0,0
"2020-02-17","Gyeonggi-do",12,5,0
"2020-02-17","Gyeongsangbuk-do",0,1,0
"2020-02-17","Gyeongsangnam-do",0,0,0
"2020-02-17","Incheon",1,1,0
"2020-02-17","Jeju-do",0,0,0
"2020-02-17","Jeollabuk-do",1,1,0
"2020-02-17","Jeollanam-do",0,0,0
"2020-02-17","Sejong",0,0,0
"2020-02-17","Seoul",14,3,0
"2020-02-17","Ulsan",0,0,0
"2020-02-18","Busan",0,0,0
"2020-02-18","Chungcheongbuk-do",0,0,0
"2020-02-18","Chungcheongnam-do",0,0,0
"2020-02-18","Daegu",1,0,0
"2020-02-18","Daejeon",0,0,0
"2020-02-18","Gangwon-do",0,0,0
"2020-02-18","Gwangju",1,0,0
"2020-02-18","Gyeonggi-do",12,5,0
"2020-02-18","Gyeongsangbuk-do",0,1,0
"2020-02-18","Gyeongsangnam-do",0,0,0
"2020-02-18","Incheon",1,1,0
"2020-02-18","Jeju-do",0,0,0
"2020-02-18","Jeollabuk-do",1,1,0
"2020-02-18","Jeollanam-do",0,0,0
"2020-02-18","Sejong",0,0,0
"2020-02-18","Seoul",14,3,0
"2020-02-18","Ulsan",0,0,0
"2020-02-19","Busan",0,0,0
"2020-02-19","Chungcheongbuk-do",0,0,0
"2020-02-19","Chungcheongnam-do",0,0,0
"2020-02-19","Daegu",11,0,0
"2020-02-19","Daejeon",0,0,0
"2020-02-19","Gangwon-do",0,0,0
"2020-02-19","Gwangju",1,0,0
"2020-02-19","Gyeonggi-do",12,7,0
"2020-02-19","Gyeongsangbuk-do",2,1,0
"2020-02-19","Gyeongsangnam-do",3,0,0
"2020-02-19","Incheon",2,1,0
"2020-02-19","Jeju-do",0,0,0
"2020-02-19","Jeollabuk-do",1,1,0
"2020-02-19","Jeollanam-do",0,0,0
"2020-02-19","Sejong",0,0,0
"2020-02-19","Seoul",20,3,0
"2020-02-19","Ulsan",0,0,0
"2020-02-20","Busan",8,0,0
"2020-02-20","Chungcheongbuk-do",0,0,0
"2020-02-20","Chungcheongnam-do",0,0,0
"2020-02-20","Daegu",30,0,0
"2020-02-20","Daejeon",0,0,0
"2020-02-20","Gangwon-do",0,0,0
"2020-02-20","Gwangju",1,2,0
"2020-02-20","Gyeonggi-do",12,7,0
"2020-02-20","Gyeongsangbuk-do",25,1,1
"2020-02-20","Gyeongsangnam-do",3,0,0
"2020-02-20","Incheon",2,1,0
"2020-02-20","Jeju-do",0,0,0
"2020-02-20","Jeollabuk-do",1,1,0
"2020-02-20","Jeollanam-do",0,0,0
"2020-02-20","Sejong",0,0,0
"2020-02-20","Seoul",22,5,0
"2020-02-20","Ulsan",0,0,0
"2020-02-21","Busan",8,0,0
"2020-02-21","Chungcheongbuk-do",1,0,0
"2020-02-21","Chungcheongnam-do",1,0,0
"2020-02-21","Daegu",110,0,0
"2020-02-21","Daejeon",0,0,0
"2020-02-21","Gangwon-do",0,0,0
"2020-02-21","Gwangju",3,2,0
"2020-02-21","Gyeonggi-do",14,7,0
"2020-02-21","Gyeongsangbuk-do",28,1,1
"2020-02-21","Gyeongsangnam-do",7,0,0
"2020-02-21","Incheon",2,1,0
"2020-02-21","Jeju-do",1,0,0
"2020-02-21","Jeollabuk-do",2,1,0
"2020-02-21","Jeollanam-do",0,0,0
"2020-02-21","Sejong",0,0,0
"2020-02-21","Seoul",27,5,0
"2020-02-21","Ulsan",0,0,0
"2020-02-22","Busan",11,0,0
"2020-02-22","Chungcheongbuk-do",3,0,0
"2020-02-22","Chungcheongnam-do",1,0,0
"2020-02-22","Daegu",193,0,0
"2020-02-22","Daejeon",2,0,0
"2020-02-22","Gangwon-do",6,0,0
"2020-02-22","Gwangju",6,2,0
"2020-02-22","Gyeonggi-do",20,7,0
"2020-02-22","Gyeongsangbuk-do",145,1,3
"2020-02-22","Gyeongsangnam-do",7,0,0
"2020-02-22","Incheon",2,1,0
"2020-02-22","Jeju-do",1,0,0
"2020-02-22","Jeollabuk-do",3,1,0
"2020-02-22","Jeollanam-do",1,0,0
"2020-02-22","Sejong",1,0,0
"2020-02-22","Seoul",30,6,0
"2020-02-22","Ulsan",1,0,0
"2020-02-23","Busan",19,0,0
"2020-02-23","Chungcheongbuk-do",3,0,0
"2020-02-23","Chungcheongnam-do",1,0,0
"2020-02-23","Daegu",310,0,1
"2020-02-23","Daejeon",3,0,0
"2020-02-23","Gangwon-do",6,0,0
"2020-02-23","Gwangju",8,2,0
"2020-02-23","Gyeonggi-do",24,7,0
"2020-02-23","Gyeongsangbuk-do",170,1,3
"2020-02-23","Gyeongsangnam-do",17,0,0
"2020-02-23","Incheon",2,1,0
"2020-02-23","Jeju-do",2,0,0
"2020-02-23","Jeollabuk-do",3,1,0
"2020-02-23","Jeollanam-do",1,0,0
"2020-02-23","Sejong",1,0,0
"2020-02-23","Seoul",31,6,0
"2020-02-23","Ulsan",1,0,0
"2020-02-24","Busan",34,0,0
"2020-02-24","Chungcheongbuk-do",3,0,0
"2020-02-24","Chungcheongnam-do",1,0,0
"2020-02-24","Daegu",483,0,2
"2020-02-24","Daejeon",3,0,0
"2020-02-24","Gangwon-do",6,0,0
"2020-02-24","Gwangju",9,2,0
"2020-02-24","Gyeonggi-do",35,7,0
"2020-02-24","Gyeongsangbuk-do",193,1,6
"2020-02-24","Gyeongsangnam-do",20,0,0
"2020-02-24","Incheon",2,1,0
"2020-02-24","Jeju-do",2,0,0
"2020-02-24","Jeollabuk-do",3,1,0
"2020-02-24","Jeollanam-do",1,0,0
"2020-02-24","Sejong",1,0,0
"2020-02-24","Seoul",35,6,0
"2020-02-24","Ulsan",2,0,0
"2020-02-25","Busan",42,0,0
"2020-02-25","Chungcheongbuk-do",5,0,0
"2020-02-25","Chungcheongnam-do",2,0,0
"2020-02-25","Daegu",543,0,6
"2020-02-25","Daejeon",3,0,0
"2020-02-25","Gangwon-do",6,0,0
"2020-02-25","Gwangju",9,2,0
"2020-02-25","Gyeonggi-do",42,8,0
"2020-02-25","Gyeongsangbuk-do",249,1,6
"2020-02-25","Gyeongsangnam-do",23,0,0
"2020-02-25","Incheon",2,1,0
"2020-02-25","Jeju-do",2,0,0
"2020-02-25","Jeollabuk-do",3,1,0
"2020-02-25","Jeollanam-do",1,0,0
"2020-02-25","Sejong",1,0,0
"2020-02-25","Seoul",41,8,0
"2020-02-25","Ulsan",3,0,0
"2020-02-26","Busan",58,0,0
"2020-02-26","Chungcheongbuk-do",5,0,0
"2020-02-26","Chungcheongnam-do",3,0,0
"2020-02-26","Daegu",710,1,6
"2020-02-26","Daejeon",5,0,0
"2020-02-26","Gangwon-do",6,0,0
"2020-02-26","Gwangju",9,2,0
"2020-02-26","Gyeonggi-do",51,8,1
"2020-02-26","Gyeongsangbuk-do",317,1,6
"2020-02-26","Gyeongsangnam-do",34,0,0
"2020-02-26","Incheon",3,1,0
"2020-02-26","Jeju-do",2,0,0
"2020-02-26","Jeollabuk-do",3,1,0
"2020-02-26","Jeollanam-do",1,0,0
"2020-02-26","Sejong",1,0,0
"2020-02-26","Seoul",49,8,0
"2020-02-26","Ulsan",4,0,0
"2020-02-27","Busan",61,0,0
"2020-02-27","Chungcheongbuk-do",8,0,0
"2020-02-27","Chungcheongnam-do",12,0,0
"2020-02-27","Daegu",1132,2,6
"2020-02-27","Daejeon",9,0,0
"2020-02-27","Gangwon-do",6,0,0
"2020-02-27","Gwangju",9,2,0
"2020-02-27","Gyeonggi-do",62,8,1
"2020-02-27","Gyeongsangbuk-do",345,1,6
"2020-02-27","Gyeongsangnam-do",43,0,0
"2020-02-27","Incheon",3,1,0
"2020-02-27","Jeju-do",2,0,0
"2020-02-27","Jeollabuk-do",5,1,0
"2020-02-27","Jeollanam-do",1,0,0
"2020-02-27","Sejong",1,0,0
"2020-02-27","Seoul",56,8,0
"2020-02-27","Ulsan",11,0,0
"2020-02-28","Busan",65,0,0
"2020-02-28","Chungcheongbuk-do",9,0,0
"2020-02-28","Chungcheongnam-do",35,0,0
"2020-02-28","Daegu",1580,3,6
"2020-02-28","Daejeon",13,0,0
"2020-02-28","Gangwon-do",7,0,0
"2020-02-28","Gwangju",9,2,0
"2020-02-28","Gyeonggi-do",72,8,1
"2020-02-28","Gyeongsangbuk-do",409,1,6
"2020-02-28","Gyeongsangnam-do",49,1,0
"2020-02-28","Incheon",4,1,0
"2020-02-28","Jeju-do",2,0,0
"2020-02-28","Jeollabuk-do",5,1,0
"2020-02-28","Jeollanam-do",1,0,0
"2020-02-28","Sejong",1,0,0
"2020-02-28","Seoul",62,9,0
"2020-02-28","Ulsan",14,0,0
"2020-02-29","Busan",80,0,0
"2020-02-29","Chungcheongbuk-do",10,0,0
"2020-02-29","Chungcheongnam-do",55,0,0
"2020-02-29","Daegu",2236,3,10
"2020-02-29","Daejeon",13,0,0
"2020-02-29","Gangwon-do",7,0,0
"2020-02-29","Gwangju",9,2,0
"2020-02-29","Gyeonggi-do",82,8,1
"2020-02-29","Gyeongsangbuk-do",488,1,6
"2020-02-29","Gyeongsangnam-do",59,1,0
"2020-02-29","Incheon",6,1,0
"2020-02-29","Jeju-do",2,0,0
"2020-02-29","Jeollabuk-do",5,1,0
"2020-02-29","Jeollanam-do",3,0,0
"2020-02-29","Sejong",1,0,0
"2020-02-29","Seoul",77,9,0
"2020-02-29","Ulsan",17,0,0
"2020-03-01","Busan",83,0,0
"2020-03-01","Chungcheongbuk-do",11,0,0
"2020-03-01","Chungcheongnam-do",68,0,0
"2020-03-01","Daegu",2704,6,11
"2020-03-01","Daejeon",13,0,0
"2020-03-01","Gangwon-do",15,0,0
"2020-03-01","Gwangju",9,2,0
"2020-03-01","Gyeonggi-do",89,8,1
"2020-03-01","Gyeongsangbuk-do",556,1,6
"2020-03-01","Gyeongsangnam-do",63,1,0
"2020-03-01","Incheon",6,1,0
"2020-03-01","Jeju-do",2,0,0
"2020-03-01","Jeollabuk-do",6,1,0
"2020-03-01","Jeollanam-do",3,0,0
"2020-03-01","Sejong",1,0,0
"2020-03-01","Seoul",87,11,0
"2020-03-01","Ulsan",20,0,0
"2020-03-02","Busan",88,1,0
"2020-03-02","Chungcheongbuk-do",11,0,0
"2020-03-02","Chungcheongnam-do",78,0,0
"2020-03-02","Daegu",3081,7,15
"2020-03-02","Daejeon",14,0,0
"2020-03-02","Gangwon-do",19,0,0
"2020-03-02","Gwangju",9,2,0
"2020-03-02","Gyeonggi-do",92,8,1
"2020-03-02","Gyeongsangbuk-do",624,1,6
"2020-03-02","Gyeongsangnam-do",64,1,0
"2020-03-02","Incheon",7,1,0
"2020-03-02","Jeju-do",2,0,0
"2020-03-02","Jeollabuk-do",6,1,0
"2020-03-02","Jeollanam-do",5,0,0
"2020-03-02","Sejong",1,0,0
"2020-03-02","Seoul",91,12,0
"2020-03-02","Ulsan",20,0,0
"2020-03-03","Busan",90,1,0
"2020-03-03","Chungcheongbuk-do",11,0,0
"2020-03-03","Chungcheongnam-do",81,0,0
"2020-03-03","Daegu",3601,9,21
"2020-03-03","Daejeon",14,0,0
"2020-03-03","Gangwon-do",20,0,0
"2020-03-03","Gwangju",11,2,0
"2020-03-03","Gyeonggi-do",94,8,1
"2020-03-03","Gyeongsangbuk-do",685,1,6
"2020-03-03","Gyeongsangnam-do",64,1,0
"2020-03-03","Incheon",7,1,0
"2020-03-03","Jeju-do",3,0,0
"2020-03-03","Jeollabuk-do",7,1,0
"2020-03-03","Jeollanam-do",5,0,0
"2020-03-03","Sejong",1,0,0
"2020-03-03","Seoul",98,13,0
"2020-03-03","Ulsan",20,0,0
"2020-03-04","Busan",92,2,0
"2020-03-04","Chungcheongbuk-do",11,0,0
"2020-03-04","Chungcheongnam-do",82,0,0
"2020-03-04","Daegu",4007,11,25
"2020-03-04","Daejeon",15,0,0
"2020-03-04","Gangwon-do",21,0,0
"2020-03-04","Gwangju",13,2,0
"2020-03-04","Gyeonggi-do",101,9,1
"2020-03-04","Gyeongsangbuk-do",774,4,6
"2020-03-04","Gyeongsangnam-do",65,2,0
"2020-03-04","Incheon",9,2,0
"2020-03-04","Jeju-do",3,0,0
"2020-03-04","Jeollabuk-do",7,1,0
"2020-03-04","Jeollanam-do",4,0,0
"2020-03-04","Sejong",1,0,0
"2020-03-04","Seoul",99,19,0
"2020-03-04","Ulsan",23,0,0
"2020-03-05","Busan",92,2,0
"2020-03-05","Chungcheongbuk-do",12,1,0
"2020-03-05","Chungcheongnam-do",86,0,0
"2020-03-05","Daegu",4328,14,27
"2020-03-05","Daejeon",16,0,0
"2020-03-05","Gangwon-do",23,3,0
"2020-03-05","Gwangju",13,3,0
"2020-03-05","Gyeonggi-do",110,10,1
"2020-03-05","Gyeongsangbuk-do",861,23,6
"2020-03-05","Gyeongsangnam-do",74,3,0
"2020-03-05","Incheon",9,2,0
"2020-03-05","Jeju-do",4,0,0
"2020-03-05","Jeollabuk-do",7,2,0
"2020-03-05","Jeollanam-do",4,0,0
"2020-03-05","Sejong",1,0,0
"2020-03-05","Seoul",103,25,0
"2020-03-05","Ulsan",23,0,0
"2020-03-06","Busan",95,2,0
"2020-03-06","Chungcheongbuk-do",15,1,0
"2020-03-06","Chungcheongnam-do",90,0,0
"2020-03-06","Daegu",4694,15,30
"2020-03-06","Daejeon",18,0,0
"2020-03-06","Gangwon-do",25,3,0
"2020-03-06","Gwangju",13,3,0
"2020-03-06","Gyeonggi-do",120,14,1
"2020-03-06","Gyeongsangbuk-do",984,36,10
"2020-03-06","Gyeongsangnam-do",77,4,0
"2020-03-06","Incheon",9,2,0
"2020-03-06","Jeju-do",4,0,0
"2020-03-06","Jeollabuk-do",7,2,0
"2020-03-06","Jeollanam-do",4,0,0
"2020-03-06","Sejong",1,0,0
"2020-03-06","Seoul",105,25,0
"2020-03-06","Ulsan",23,1,0
"2020-03-07","Busan",96,2,0
"2020-03-07","Chungcheongbuk-do",20,1,0
"2020-03-07","Chungcheongnam-do",92,0,0
"2020-03-07","Daegu",5084,18,31
"2020-03-07","Daejeon",18,0,0
"2020-03-07","Gangwon-do",26,3,1
"2020-03-07","Gwangju",13,3,0
"2020-03-07","Gyeonggi-do",130,14,1
"2020-03-07","Gyeongsangbuk-do",1049,41,10
"2020-03-07","Gyeongsangnam-do",82,4,0
"2020-03-07","Incheon",9,2,0
"2020-03-07","Jeju-do",4,0,0
"2020-03-07","Jeollabuk-do",7,2,0
"2020-03-07","Jeollanam-do",4,0,0
"2020-03-07","Sejong",2,0,0
"2020-03-07","Seoul",108,27,0
"2020-03-07","Ulsan",23,1,0
"2020-03-08","Busan",96,9,0
"2020-03-08","Chungcheongbuk-do",24,1,0
"2020-03-08","Chungcheongnam-do",98,0,0
"2020-03-08","Daegu",5381,18,35
"2020-03-08","Daejeon",18,1,0
"2020-03-08","Gangwon-do",27,3,1
"2020-03-08","Gwangju",13,3,0
"2020-03-08","Gyeonggi-do",141,16,1
"2020-03-08","Gyeongsangbuk-do",1082,42,13
"2020-03-08","Gyeongsangnam-do",83,4,0
"2020-03-08","Incheon",9,2,0
"2020-03-08","Jeju-do",4,0,0
"2020-03-08","Jeollabuk-do",7,2,0
"2020-03-08","Jeollanam-do",4,0,0
"2020-03-08","Sejong",3,0,0
"2020-03-08","Seoul",120,28,0
"2020-03-08","Ulsan",24,1,0
"2020-03-09","Busan",96,10,0
"2020-03-09","Chungcheongbuk-do",25,3,0
"2020-03-09","Chungcheongnam-do",102,1,0
"2020-03-09","Daegu",5571,21,35
"2020-03-09","Daejeon",18,1,0
"2020-03-09","Gangwon-do",28,3,1
"2020-03-09","Gwangju",15,3,0
"2020-03-09","Gyeonggi-do",153,22,1
"2020-03-09","Gyeongsangbuk-do",1107,57,14
"2020-03-09","Gyeongsangnam-do",83,9,0
"2020-03-09","Incheon",9,2,0
"2020-03-09","Jeju-do",4,1,0
"2020-03-09","Jeollabuk-do",7,2,0
"2020-03-09","Jeollanam-do",4,1,0
"2020-03-09","Sejong",6,0,0
"2020-03-09","Seoul",130,29,0
"2020-03-09","Ulsan",24,1,0
"2020-03-10","Busan",96,10,0
"2020-03-10","Chungcheongbuk-do",25,3,0
"2020-03-10","Chungcheongnam-do",104,1,0
"2020-03-10","Daegu",5663,92,38
"2020-03-10","Daejeon",18,1,0
"2020-03-10","Gangwon-do",28,6,1
"2020-03-10","Gwangju",15,3,0
"2020-03-10","Gyeonggi-do",163,22,1
"2020-03-10","Gyeongsangbuk-do",1117,60,14
"2020-03-10","Gyeongsangnam-do",83,10,0
"2020-03-10","Incheon",13,3,0
"2020-03-10","Jeju-do",4,1,0
"2020-03-10","Jeollabuk-do",7,2,0
"2020-03-10","Jeollanam-do",4,1,0
"2020-03-10","Sejong",8,0,0
"2020-03-10","Seoul",141,31,0
"2020-03-10","Ulsan",24,1,0
"2020-03-11","Busan",98,21,0
"2020-03-11","Chungcheongbuk-do",27,3,0
"2020-03-11","Chungcheongnam-do",112,1,0
"2020-03-11","Daegu",5794,102,44
"2020-03-11","Daejeon",18,2,0
"2020-03-11","Gangwon-do",29,6,1
"2020-03-11","Gwangju",15,3,0
"2020-03-11","Gyeonggi-do",175,25,1
"2020-03-11","Gyeongsangbuk-do",1135,69,14
"2020-03-11","Gyeongsangnam-do",84,10,0
"2020-03-11","Incheon",25,3,0
"2020-03-11","Jeju-do",4,1,0
"2020-03-11","Jeollabuk-do",7,2,0
"2020-03-11","Jeollanam-do",4,1,0
"2020-03-11","Sejong",10,0,0
"2020-03-11","Seoul",193,37,0
"2020-03-11","Ulsan",25,2,0
"2020-03-12","Busan",99,29,0
"2020-03-12","Chungcheongbuk-do",27,4,0
"2020-03-12","Chungcheongnam-do",114,5,0
"2020-03-12","Daegu",5867,114,48
"2020-03-12","Daejeon",20,2,0
"2020-03-12","Gangwon-do",29,6,1
"2020-03-12","Gwangju",15,4,0
"2020-03-12","Gyeonggi-do",178,27,1
"2020-03-12","Gyeongsangbuk-do",1143,83,16
"2020-03-12","Gyeongsangnam-do",85,10,0
"2020-03-12","Incheon",25,4,0
"2020-03-12","Jeju-do",4,1,0
"2020-03-12","Jeollabuk-do",7,2,0
"2020-03-12","Jeollanam-do",4,1,0
"2020-03-12","Sejong",15,0,0
"2020-03-12","Seoul",212,38,0
"2020-03-12","Ulsan",25,3,0
"2020-03-13","Busan",100,36,0
"2020-03-13","Chungcheongbuk-do",27,4,0
"2020-03-13","Chungcheongnam-do",115,7,0
"2020-03-13","Daegu",5928,251,48
"2020-03-13","Daejeon",22,4,0
"2020-03-13","Gangwon-do",29,6,1
"2020-03-13","Gwangju",15,4,0
"2020-03-13","Gyeonggi-do",185,31,2
"2020-03-13","Gyeongsangbuk-do",1147,103,16
"2020-03-13","Gyeongsangnam-do",85,11,0
"2020-03-13","Incheon",27,4,0
"2020-03-13","Jeju-do",4,1,0
"2020-03-13","Jeollabuk-do",7,4,0
"2020-03-13","Jeollanam-do",4,1,0
"2020-03-13","Sejong",32,0,0
"2020-03-13","Seoul",225,40,0
"2020-03-13","Ulsan",27,3,0
"2020-03-14","Busan",103,40,0
"2020-03-14","Chungcheongbuk-do",28,5,0
"2020-03-14","Chungcheongnam-do",115,9,0
"2020-03-14","Daegu",5990,401,51
"2020-03-14","Daejeon",22,4,0
"2020-03-14","Gangwon-do",29,6,1
"2020-03-14","Gwangju",15,4,0
"2020-03-14","Gyeonggi-do",200,36,3
"2020-03-14","Gyeongsangbuk-do",1153,138,17
"2020-03-14","Gyeongsangnam-do",85,11,0
"2020-03-14","Incheon",28,4,0
"2020-03-14","Jeju-do",4,1,0
"2020-03-14","Jeollabuk-do",7,4,0
"2020-03-14","Jeollanam-do",4,2,0
"2020-03-14","Sejong",38,0,0
"2020-03-14","Seoul",238,44,0
"2020-03-14","Ulsan",27,5,0
"2020-03-15","Busan",106,52,1
"2020-03-15","Chungcheongbuk-do",31,6,0
"2020-03-15","Chungcheongnam-do",115,10,0
"2020-03-15","Daegu",6031,468,53
"2020-03-15","Daejeon",22,4,0
"2020-03-15","Gangwon-do",29,7,1
"2020-03-15","Gwangju",16,4,0
"2020-03-15","Gyeonggi-do",211,40,3
"2020-03-15","Gyeongsangbuk-do",1157,163,17
"2020-03-15","Gyeongsangnam-do",85,16,0
"2020-03-15","Incheon",30,4,0
"2020-03-15","Jeju-do",4,1,0
"2020-03-15","Jeollabuk-do",7,4,0
"2020-03-15","Jeollanam-do",4,2,0
"2020-03-15","Sejong",39,0,0
"2020-03-15","Seoul",247,47,0
"2020-03-15","Ulsan",28,6,0
"2020-03-16","Busan",107,53,1
"2020-03-16","Chungcheongbuk-do",31,6,0
"2020-03-16","Chungcheongnam-do",115,12,0
"2020-03-16","Daegu",6066,734,53
"2020-03-16","Daejeon",22,4,0
"2020-03-16","Gangwon-do",29,7,1
"2020-03-16","Gwangju",16,4,0
"2020-03-16","Gyeonggi-do",231,48,3
"2020-03-16","Gyeongsangbuk-do",1164,178,17
"2020-03-16","Gyeongsangnam-do",85,20,0
"2020-03-16","Incheon",30,4,0
"2020-03-16","Jeju-do",4,2,0
"2020-03-16","Jeollabuk-do",7,4,0
"2020-03-16","Jeollanam-do",4,2,0
"2020-03-16","Sejong",40,0,0
"2020-03-16","Seoul",253,52,0
"2020-03-16","Ulsan",28,7,0
"2020-03-17","Busan",107,54,1
"2020-03-17","Chungcheongbuk-do",31,5,0
"2020-03-17","Chungcheongnam-do",115,15,0
"2020-03-17","Daegu",6098,947,57
"2020-03-17","Daejeon",22,4,0
"2020-03-17","Gangwon-do",29,8,1
"2020-03-17","Gwangju",16,6,0
"2020-03-17","Gyeonggi-do",262,55,3
"2020-03-17","Gyeongsangbuk-do",1169,209,19
"2020-03-17","Gyeongsangnam-do",86,22,0
"2020-03-17","Incheon",31,5,0
"2020-03-17","Jeju-do",4,2,0
"2020-03-17","Jeollabuk-do",7,4,0
"2020-03-17","Jeollanam-do",4,2,0
"2020-03-17","Sejong",40,0,0
"2020-03-17","Seoul",265,55,0
"2020-03-17","Ulsan",28,8,0
"2020-03-18","Busan",107,58,1
"2020-03-18","Chungcheongbuk-do",32,5,0
"2020-03-18","Chungcheongnam-do",118,16,0
"2020-03-18","Daegu",6144,1048,58
"2020-03-18","Daejeon",22,4,0
"2020-03-18","Gangwon-do",30,8,1
"2020-03-18","Gwangju",17,6,0
"2020-03-18","Gyeonggi-do",277,59,3
"2020-03-18","Gyeongsangbuk-do",1178,235,21
"2020-03-18","Gyeongsangnam-do",86,23,0
"2020-03-18","Incheon",32,5,0
"2020-03-18","Jeju-do",4,2,0
"2020-03-18","Jeollabuk-do",9,5,0
"2020-03-18","Jeollanam-do",5,2,0
"2020-03-18","Sejong",41,0,0
"2020-03-18","Seoul",270,55,0
"2020-03-18","Ulsan",30,9,0
"2020-03-19","Busan",107,58,1
"2020-03-19","Chungcheongbuk-do",33,5,0
"2020-03-19","Chungcheongnam-do",118,31,0
"2020-03-19","Daegu",6241,1382,65
"2020-03-19","Daejeon",22,4,0
"2020-03-19","Gangwon-do",30,9,1
"2020-03-19","Gwangju",17,7,0
"2020-03-19","Gyeonggi-do",295,64,3
"2020-03-19","Gyeongsangbuk-do",1190,275,21
"2020-03-19","Gyeongsangnam-do",86,29,0
"2020-03-19","Incheon",32,6,0
"2020-03-19","Jeju-do",4,2,0
"2020-03-19","Jeollabuk-do",10,5,0
"2020-03-19","Jeollanam-do",5,3,0
"2020-03-19","Sejong",41,0,0
"2020-03-19","Seoul",282,58,0
"2020-03-19","Ulsan",36,9,0
"2020-03-20","Busan",108,60,1
"2020-03-20","Chungcheongbuk-do",33,6,0
"2020-03-20","Chungcheongnam-do",119,32,0
"2020-03-20","Daegu",6275,1577,67
"2020-03-20","Daejeon",22,5,0
"2020-03-20","Gangwon-do",30,10,1
"2020-03-20","Gwangju",18,10,0
"2020-03-20","Gyeonggi-do",309,66,3
"2020-03-20","Gyeongsangbuk-do",1203,340,22
"2020-03-20","Gyeongsangnam-do",87,33,0
"2020-03-20","Incheon",36,7,0
"2020-03-20","Jeju-do",4,2,0
"2020-03-20","Jeollabuk-do",10,7,0
"2020-03-20","Jeollanam-do",5,3,0
"2020-03-20","Sejong",41,0,0
"2020-03-20","Seoul",299,64,0
"2020-03-20","Ulsan",36,11,0
"2020-03-21","Busan",108,67,1
"2020-03-21","Chungcheongbuk-do",34,8,0
"2020-03-21","Chungcheongnam-do",119,39,0
"2020-03-21","Daegu",6344,1861,73
"2020-03-21","Daejeon",22,5,0
"2020-03-21","Gangwon-do",30,12,1
"2020-03-21","Gwangju",18,10,0
"2020-03-21","Gyeonggi-do",321,79,3
"2020-03-21","Gyeongsangbuk-do",1243,395,24
"2020-03-21","Gyeongsangnam-do",87,40,0
"2020-03-21","Incheon",40,7,0
"2020-03-21","Jeju-do",4,2,0
"2020-03-21","Jeollabuk-do",10,7,0
"2020-03-21","Jeollanam-do",5,3,0
"2020-03-21","Sejong",41,2,0
"2020-03-21","Seoul",314,64,0
"2020-03-21","Ulsan",36,11,0
"2020-03-22","Busan",108,69,1
"2020-03-22","Chungcheongbuk-do",35,9,0
"2020-03-22","Chungcheongnam-do",120,39,0
"2020-03-22","Daegu",6387,2107,75
"2020-03-22","Daejeon",24,6,0
"2020-03-22","Gangwon-do",30,13,1
"2020-03-22","Gwangju",19,10,0
"2020-03-22","Gyeonggi-do",337,82,3
"2020-03-22","Gyeongsangbuk-do",1254,432,24
"2020-03-22","Gyeongsangnam-do",88,42,0
"2020-03-22","Incheon",40,8,0
"2020-03-22","Jeju-do",4,3,0
"2020-03-22","Jeollabuk-do",10,7,0
"2020-03-22","Jeollanam-do",6,3,0
"2020-03-22","Sejong",41,3,0
"2020-03-22","Seoul",324,64,0
"2020-03-22","Ulsan",36,12,0
"2020-03-23","Busan",109,71,1
"2020-03-23","Chungcheongbuk-do",37,9,0
"2020-03-23","Chungcheongnam-do",120,44,0
"2020-03-23","Daegu",6411,2305,82
"2020-03-23","Daejeon",24,6,0
"2020-03-23","Gangwon-do",30,14,1
"2020-03-23","Gwangju",19,10,0
"2020-03-23","Gyeonggi-do",351,88,3
"2020-03-23","Gyeongsangbuk-do",1256,469,24
"2020-03-23","Gyeongsangnam-do",89,45,0
"2020-03-23","Incheon",40,8,0
"2020-03-23","Jeju-do",4,3,0
"2020-03-23","Jeollabuk-do",10,7,0
"2020-03-23","Jeollanam-do",6,3,0
"2020-03-23","Sejong",42,3,0
"2020-03-23","Seoul",330,64,0
"2020-03-23","Ulsan",36,17,0
"2020-03-24","Busan",111,71,1
"2020-03-24","Chungcheongbuk-do",38,11,0
"2020-03-24","Chungcheongnam-do",120,56,0
"2020-03-24","Daegu",6442,2571,88
"2020-03-24","Daejeon",24,6,0
"2020-03-24","Gangwon-do",30,14,1
"2020-03-24","Gwangju",19,11,0
"2020-03-24","Gyeonggi-do",366,97,4
"2020-03-24","Gyeongsangbuk-do",1257,507,26
"2020-03-24","Gyeongsangnam-do",90,48,0
"2020-03-24","Incheon",41,8,0
"2020-03-24","Jeju-do",4,4,0
"2020-03-24","Jeollabuk-do",10,7,0
"2020-03-24","Jeollanam-do",6,3,0
"2020-03-24","Sejong",42,3,0
"2020-03-24","Seoul",334,72,0
"2020-03-24","Ulsan",36,18,0
"2020-03-25","Busan",112,73,1
"2020-03-25","Chungcheongbuk-do",38,13,0
"2020-03-25","Chungcheongnam-do",123,65,0
"2020-03-25","Daegu",6456,2740,92
"2020-03-25","Daejeon",24,6,0
"2020-03-25","Gangwon-do",31,15,1
"2020-03-25","Gwangju",19,11,0
"2020-03-25","Gyeonggi-do",387,100,4
"2020-03-25","Gyeongsangbuk-do",1262,538,28
"2020-03-25","Gyeongsangnam-do",90,51,0
"2020-03-25","Incheon",42,10,0
"2020-03-25","Jeju-do",6,4,0
"2020-03-25","Jeollabuk-do",10,7,0
"2020-03-25","Jeollanam-do",8,3,0
"2020-03-25","Sejong",44,3,0
"2020-03-25","Seoul",347,72,0
"2020-03-25","Ulsan",37,19,0
"2020-03-26","Busan",112,75,2
"2020-03-26","Chungcheongbuk-do",39,14,0
"2020-03-26","Chungcheongnam-do",124,68,0
"2020-03-26","Daegu",6482,3039,94
"2020-03-26","Daejeon",30,6,0
"2020-03-26","Gangwon-do",31,18,1
"2020-03-26","Gwangju",19,11,0
"2020-03-26","Gyeonggi-do",401,122,4
"2020-03-26","Gyeongsangbuk-do",1274,601,30
"2020-03-26","Gyeongsangnam-do",90,57,0
"2020-03-26","Incheon",43,11,0
"2020-03-26","Jeju-do",6,4,0
"2020-03-26","Jeollabuk-do",10,7,0
"2020-03-26","Jeollanam-do",8,3,0
"2020-03-26","Sejong",44,8,0
"2020-03-26","Seoul",360,80,0
"2020-03-26","Ulsan",37,20,0
"2020-03-27","Busan",113,81,2
"2020-03-27","Chungcheongbuk-do",41,17,0
"2020-03-27","Chungcheongnam-do",124,78,0
"2020-03-27","Daegu",6516,3324,98
"2020-03-27","Daejeon",31,9,0
"2020-03-27","Gangwon-do",31,20,1
"2020-03-27","Gwangju",20,11,0
"2020-03-27","Gyeonggi-do",412,131,4
"2020-03-27","Gyeongsangbuk-do",1283,650,34
"2020-03-27","Gyeongsangnam-do",91,62,0
"2020-03-27","Incheon",46,13,0
"2020-03-27","Jeju-do",7,4,0
"2020-03-27","Jeollabuk-do",10,7,0
"2020-03-27","Jeollanam-do",8,3,0
"2020-03-27","Sejong",44,9,0
"2020-03-27","Seoul",372,89,0
"2020-03-27","Ulsan",39,20,0
"2020-03-28","Busan",114,81,2
"2020-03-28","Chungcheongbuk-do",41,21,0
"2020-03-28","Chungcheongnam-do",126,81,0
"2020-03-28","Daegu",6587,3543,101
"2020-03-28","Daejeon",31,10,0
"2020-03-28","Gangwon-do",32,20,1
"2020-03-28","Gwangju",20,11,0
"2020-03-28","Gyeonggi-do",433,140,5
"2020-03-28","Gyeongsangbuk-do",1285,692,35
"2020-03-28","Gyeongsangnam-do",91,63,0
"2020-03-28","Incheon",51,14,0
"2020-03-28","Jeju-do",8,4,0
"2020-03-28","Jeollabuk-do",10,7,0
"2020-03-28","Jeollanam-do",8,3,0
"2020-03-28","Sejong",44,9,0
"2020-03-28","Seoul",390,93,0
"2020-03-28","Ulsan",39,19,0
"2020-03-29","Busan",117,85,3
"2020-03-29","Chungcheongbuk-do",41,21,0
"2020-03-29","Chungcheongnam-do",127,83,0
"2020-03-29","Daegu",6610,3706,106
"2020-03-29","Daejeon",34,14,0
"2020-03-29","Gangwon-do",34,21,1
"2020-03-29","Gwangju",20,11,0
"2020-03-29","Gyeonggi-do",448,144,5
"2020-03-29","Gyeongsangbuk-do",1287,732,37
"2020-03-29","Gyeongsangnam-do",94,64,0
"2020-03-29","Incheon",58,15,0
"2020-03-29","Jeju-do",8,4,0
"2020-03-29","Jeollabuk-do",12,7,0
"2020-03-29","Jeollanam-do",9,3,0
"2020-03-29","Sejong",46,11,0
"2020-03-29","Seoul",410,93,0
"2020-03-29","Ulsan",39,19,0
"2020-03-30","Busan",118,87,3
"2020-03-30","Chungcheongbuk-do",44,21,0
"2020-03-30","Chungcheongnam-do",127,83,0
"2020-03-30","Daegu",6624,3837,111
"2020-03-30","Daejeon",34,17,0
"2020-03-30","Gangwon-do",36,21,1
"2020-03-30","Gwangju",20,13,0
"2020-03-30","Gyeonggi-do",463,160,5
"2020-03-30","Gyeongsangbuk-do",1298,772,38
"2020-03-30","Gyeongsangnam-do",95,65,0
"2020-03-30","Incheon",58,15,0
"2020-03-30","Jeju-do",9,4,0
"2020-03-30","Jeollabuk-do",13,7,0
"2020-03-30","Jeollanam-do",9,3,0
"2020-03-30","Sejong",46,12,0
"2020-03-30","Seoul",426,92,0
"2020-03-30","Ulsan",39,19,0
"2020-03-31","Busan",119,87,3
"2020-03-31","Chungcheongbuk-do",44,22,0
"2020-03-31","Chungcheongnam-do",128,90,0
"2020-03-31","Daegu",6684,3946,114
"2020-03-31","Daejeon",36,18,0
"2020-03-31","Gangwon-do",36,23,1
"2020-03-31","Gwangju",20,14,0
"2020-03-31","Gyeonggi-do",476,166,6
"2020-03-31","Gyeongsangbuk-do",1300,808,38
"2020-03-31","Gyeongsangnam-do",96,67,0
"2020-03-31","Incheon",64,16,0
"2020-03-31","Jeju-do",9,3,0
"2020-03-31","Jeollabuk-do",13,7,0
"2020-03-31","Jeollanam-do",9,3,0
"2020-03-31","Sejong",46,12,0
"2020-03-31","Seoul",450,107,0
"2020-03-31","Ulsan",39,19,0
"2020-04-01","Busan",122,87,3
"2020-04-01","Chungcheongbuk-do",44,23,0
"2020-04-01","Chungcheongnam-do",131,91,0
"2020-04-01","Daegu",6704,4070,115
"2020-04-01","Daejeon",36,18,0
"2020-04-01","Gangwon-do",38,23,1
"2020-04-01","Gwangju",24,14,0
"2020-04-01","Gyeonggi-do",499,171,6
"2020-04-01","Gyeongsangbuk-do",1302,822,39
"2020-04-01","Gyeongsangnam-do",100,67,0
"2020-04-01","Incheon",69,19,0
"2020-04-01","Jeju-do",9,3,0
"2020-04-01","Jeollabuk-do",14,7,0
"2020-04-01","Jeollanam-do",12,3,0
"2020-04-01","Sejong",46,12,0
"2020-04-01","Seoul",474,117,0
"2020-04-01","Ulsan",39,20,1
"2020-04-02","Busan",122,87,3
"2020-04-02","Chungcheongbuk-do",44,23,0
"2020-04-02","Chungcheongnam-do",133,95,0
"2020-04-02","Daegu",6725,4283,117
"2020-04-02","Daejeon",36,18,0
"2020-04-02","Gangwon-do",39,23,1
"2020-04-02","Gwangju",25,14,0
"2020-04-02","Gyeonggi-do",516,181,6
"2020-04-02","Gyeongsangbuk-do",1304,840,41
"2020-04-02","Gyeongsangnam-do",106,70,0
"2020-04-02","Incheon",73,20,0
"2020-04-02","Jeju-do",9,3,0
"2020-04-02","Jeollabuk-do",14,7,0
"2020-04-02","Jeollanam-do",14,3,0
"2020-04-02","Sejong",46,12,0
"2020-04-02","Seoul",488,127,0
"2020-04-02","Ulsan",40,21,1
"2020-04-03","Busan",122,88,3
"2020-04-03","Chungcheongbuk-do",45,25,0
"2020-04-03","Chungcheongnam-do",134,97,0
"2020-04-03","Daegu",6734,4434,121
"2020-04-03","Daejeon",36,18,0
"2020-04-03","Gangwon-do",41,23,1
"2020-04-03","Gwangju",26,15,0
"2020-04-03","Gyeonggi-do",539,186,6
"2020-04-03","Gyeongsangbuk-do",1309,865,42
"2020-04-03","Gyeongsangnam-do",107,71,0
"2020-04-03","Incheon",74,21,0
"2020-04-03","Jeju-do",9,3,0
"2020-04-03","Jeollabuk-do",15,7,0
"2020-04-03","Jeollanam-do",15,3,0
"2020-04-03","Sejong",46,12,0
"2020-04-03","Seoul",506,131,0
"2020-04-03","Ulsan",40,21,1
"2020-04-04","Busan",122,90,3
"2020-04-04","Chungcheongbuk-do",45,27,0
"2020-04-04","Chungcheongnam-do",135,102,0
"2020-04-04","Daegu",6761,4673,122
"2020-04-04","Daejeon",36,18,0
"2020-04-04","Gangwon-do",42,23,1
"2020-04-04","Gwangju",26,15,0
"2020-04-04","Gyeonggi-do",562,200,6
"2020-04-04","Gyeongsangbuk-do",1310,881,44
"2020-04-04","Gyeongsangnam-do",108,75,0
"2020-04-04","Incheon",77,22,0
"2020-04-04","Jeju-do",9,4,0
"2020-04-04","Jeollabuk-do",15,7,0
"2020-04-04","Jeollanam-do",15,4,0
"2020-04-04","Sejong",46,15,0
"2020-04-04","Seoul",528,144,0
"2020-04-04","Ulsan",40,24,1
"2020-04-05","Busan",122,90,3
"2020-04-05","Chungcheongbuk-do",45,28,0
"2020-04-05","Chungcheongnam-do",135,102,0
"2020-04-05","Daegu",6768,4773,127
"2020-04-05","Daejeon",37,18,0
"2020-04-05","Gangwon-do",45,24,1
"2020-04-05","Gwangju",27,15,0
"2020-04-05","Gyeonggi-do",572,208,7
"2020-04-05","Gyeongsangbuk-do",1314,899,44
"2020-04-05","Gyeongsangnam-do",109,77,0
"2020-04-05","Incheon",79,25,0
"2020-04-05","Jeju-do",12,4,0
"2020-04-05","Jeollabuk-do",16,7,0
"2020-04-05","Jeollanam-do",15,4,0
"2020-04-05","Sejong",46,15,0
"2020-04-05","Seoul",552,145,0
"2020-04-05","Ulsan",40,27,1
"2020-04-06","Busan",122,91,3
"2020-04-06","Chungcheongbuk-do",45,29,0
"2020-04-06","Chungcheongnam-do",136,102,0
"2020-04-06","Daegu",6781,4865,129
"2020-04-06","Daejeon",39,19,0
"2020-04-06","Gangwon-do",45,23,1
"2020-04-06","Gwangju",27,15,0
"2020-04-06","Gyeonggi-do",580,213,7
"2020-04-06","Gyeongsangbuk-do",1316,922,45
"2020-04-06","Gyeongsangnam-do",111,80,0
"2020-04-06","Incheon",80,27,0
"2020-04-06","Jeju-do",12,4,0
"2020-04-06","Jeollabuk-do",16,7,0
"2020-04-06","Jeollanam-do",15,4,0
"2020-04-06","Sejong",46,17,0
"2020-04-06","Seoul",563,151,0
"2020-04-06","Ulsan",40,27,1
"2020-04-07","Busan",123,91,3
"2020-04-07","Chungcheongbuk-do",45,29,0
"2020-04-07","Chungcheongnam-do",137,104,0
"2020-04-07","Daegu",6794,4918,134
"2020-04-07","Daejeon",39,20,0
"2020-04-07","Gangwon-do",47,24,1
"2020-04-07","Gwangju",27,15,0
"2020-04-07","Gyeonggi-do",590,226,7
"2020-04-07","Gyeongsangbuk-do",1317,934,46
"2020-04-07","Gyeongsangnam-do",112,80,0
"2020-04-07","Incheon",80,27,0
"2020-04-07","Jeju-do",12,4,0
"2020-04-07","Jeollabuk-do",16,7,0
"2020-04-07","Jeollanam-do",15,4,0
"2020-04-07","Sejong",46,17,0
"2020-04-07","Seoul",567,164,0
"2020-04-07","Ulsan",40,28,1
"2020-04-08","Busan",125,94,3
"2020-04-08","Chungcheongbuk-do",45,29,0
"2020-04-08","Chungcheongnam-do",137,106,0
"2020-04-08","Daegu",6803,4961,137
"2020-04-08","Daejeon",39,20,0
"2020-04-08","Gangwon-do",49,24,1
"2020-04-08","Gwangju",27,15,0
"2020-04-08","Gyeonggi-do",596,237,10
"2020-04-08","Gyeongsangbuk-do",1320,954,46
"2020-04-08","Gyeongsangnam-do",113,80,0
"2020-04-08","Incheon",84,27,0
"2020-04-08","Jeju-do",12,4,0
"2020-04-08","Jeollabuk-do",17,7,0
"2020-04-08","Jeollanam-do",15,4,0
"2020-04-08","Sejong",46,14,0
"2020-04-08","Seoul",578,169,2
"2020-04-08","Ulsan",40,28,1
"2020-04-09","Busan",125,97,3
"2020-04-09","Chungcheongbuk-do",45,30,0
"2020-04-09","Chungcheongnam-do",138,105,0
"2020-04-09","Daegu",6807,5106,139
"2020-04-09","Daejeon",39,20,0
"2020-04-09","Gangwon-do",49,24,1
"2020-04-09","Gwangju",27,15,0
"2020-04-09","Gyeonggi-do",606,259,11
"2020-04-09","Gyeongsangbuk-do",1320,968,47
"2020-04-09","Gyeongsangnam-do",115,82,0
"2020-04-09","Incheon",84,31,0
"2020-04-09","Jeju-do",12,4,0
"2020-04-09","Jeollabuk-do",17,7,0
"2020-04-09","Jeollanam-do",15,4,0
"2020-04-09","Sejong",46,16,0
"2020-04-09","Seoul",590,174,2
"2020-04-09","Ulsan",40,28,1
"2020-04-10","Busan",126,98,3
"2020-04-10","Chungcheongbuk-do",45,28,0
"2020-04-10","Chungcheongnam-do",138,105,0
"2020-04-10","Daegu",6807,5193,142
"2020-04-10","Daejeon",39,21,0
"2020-04-10","Gangwon-do",49,26,1
"2020-04-10","Gwangju",27,15,0
"2020-04-10","Gyeonggi-do",615,269,11
"2020-04-10","Gyeongsangbuk-do",1327,994,48
"2020-04-10","Gyeongsangnam-do",115,82,0
"2020-04-10","Incheon",85,34,0
"2020-04-10","Jeju-do",12,4,0
"2020-04-10","Jeollabuk-do",17,8,0
"2020-04-10","Jeollanam-do",15,4,0
"2020-04-10","Sejong",46,20,0
"2020-04-10","Seoul",595,185,2
"2020-04-10","Ulsan",40,28,1
"2020-04-11","Busan",126,100,3
"2020-04-11","Chungcheongbuk-do",45,28,0
"2020-04-11","Chungcheongnam-do",138,106,0
"2020-04-11","Daegu",6814,5271,145
"2020-04-11","Daejeon",39,22,0
"2020-04-11","Gangwon-do",49,26,1
"2020-04-11","Gwangju",27,17,0
"2020-04-11","Gyeonggi-do",624,286,11
"2020-04-11","Gyeongsangbuk-do",1330,1004,48
"2020-04-11","Gyeongsangnam-do",115,83,0
"2020-04-11","Incheon",85,35,0
"2020-04-11","Jeju-do",12,4,0
"2020-04-11","Jeollabuk-do",17,8,0
"2020-04-11","Jeollanam-do",15,5,0
"2020-04-11","Sejong",46,20,0
"2020-04-11","Seoul",599,195,2
"2020-04-11","Ulsan",41,30,1
"2020-04-12","Busan",126,103,3
"2020-04-12","Chungcheongbuk-do",45,29,0
"2020-04-12","Chungcheongnam-do",139,108,0
"2020-04-12","Daegu",6816,5356,146
"2020-04-12","Daejeon",39,23,0
"2020-04-12","Gangwon-do",49,27,1
"2020-04-12","Gwangju",27,19,0
"2020-04-12","Gyeonggi-do",628,292,12
"2020-04-12","Gyeongsangbuk-do",1333,1013,49
"2020-04-12","Gyeongsangnam-do",115,84,0
"2020-04-12","Incheon",86,38,0
"2020-04-12","Jeju-do",12,4,0
"2020-04-12","Jeollabuk-do",17,8,0
"2020-04-12","Jeollanam-do",15,5,0
"2020-04-12","Sejong",46,22,0
"2020-04-12","Seoul",602,202,2
"2020-04-12","Ulsan",41,32,1
"2020-04-13","Busan",126,103,3
"2020-04-13","Chungcheongbuk-do",45,31,0
"2020-04-13","Chungcheongnam-do",139,109,0
"2020-04-13","Daegu",6819,5395,147
"2020-04-13","Daejeon",39,23,0
"2020-04-13","Gangwon-do",49,28,1
"2020-04-13","Gwangju",27,19,0
"2020-04-13","Gyeonggi-do",631,305,13
"2020-04-13","Gyeongsangbuk-do",1337,1020,50
"2020-04-13","Gyeongsangnam-do",115,84,0
"2020-04-13","Incheon",87,39,0
"2020-04-13","Jeju-do",12,5,0
"2020-04-13","Jeollabuk-do",17,8,0
"2020-04-13","Jeollanam-do",15,6,0
"2020-04-13","Sejong",46,22,0
"2020-04-13","Seoul",610,214,2
"2020-04-13","Ulsan",41,33,1
"2020-04-14","Busan",126,103,3
"2020-04-14","Chungcheongbuk-do",45,31,0
"2020-04-14","Chungcheongnam-do",139,113,0
"2020-04-14","Daegu",6822,5440,152
"2020-04-14","Daejeon",39,24,0
"2020-04-14","Gangwon-do",49,29,1
"2020-04-14","Gwangju",27,21,0
"2020-04-14","Gyeonggi-do",639,313,13
"2020-04-14","Gyeongsangbuk-do",1342,1029,50
"2020-04-14","Gyeongsangnam-do",115,84,0
"2020-04-14","Incheon",88,42,0
"2020-04-14","Jeju-do",12,5,0
"2020-04-14","Jeollabuk-do",17,8,0
"2020-04-14","Jeollanam-do",15,6,0
"2020-04-14","Sejong",46,21,0
"2020-04-14","Seoul",612,228,2
"2020-04-14","Ulsan",42,33,1
"2020-04-15","Busan",127,107,3
"2020-04-15","Chungcheongbuk-do",45,31,0
"2020-04-15","Chungcheongnam-do",139,114,0
"2020-04-15","Daegu",6823,5486,155
"2020-04-15","Daejeon",39,24,0
"2020-04-15","Gangwon-do",51,27,1
"2020-04-15","Gwangju",28,21,0
"2020-04-15","Gyeonggi-do",645,322,13
"2020-04-15","Gyeongsangbuk-do",1348,1035,50
"2020-04-15","Gyeongsangnam-do",115,84,0
"2020-04-15","Incheon",88,48,0
"2020-04-15","Jeju-do",13,5,0
"2020-04-15","Jeollabuk-do",17,8,0
"2020-04-15","Jeollanam-do",15,7,0
"2020-04-15","Sejong",46,21,0
"2020-04-15","Seoul",617,239,2
"2020-04-15","Ulsan",42,33,1
"2020-04-16","Busan",130,111,3
"2020-04-16","Chungcheongbuk-do",45,34,0
"2020-04-16","Chungcheongnam-do",139,115,0
"2020-04-16","Daegu",6827,5586,158
"2020-04-16","Daejeon",39,25,0
"2020-04-16","Gangwon-do",52,27,1
"2020-04-16","Gwangju",28,22,0
"2020-04-16","Gyeonggi-do",649,330,14
"2020-04-16","Gyeongsangbuk-do",1352,1044,50
"2020-04-16","Gyeongsangnam-do",115,82,0
"2020-04-16","Incheon",88,51,0
"2020-04-16","Jeju-do",13,5,0
"2020-04-16","Jeollabuk-do",17,9,0
"2020-04-16","Jeollanam-do",15,7,0
"2020-04-16","Sejong",46,21,0
"2020-04-16","Seoul",619,250,2
"2020-04-16","Ulsan",42,34,1
"2020-04-17","Busan",130,112,3
"2020-04-17","Chungcheongbuk-do",45,37,0
"2020-04-17","Chungcheongnam-do",139,115,0
"2020-04-17","Daegu",6827,5626,159
"2020-04-17","Daejeon",40,25,0
"2020-04-17","Gangwon-do",52,28,1
"2020-04-17","Gwangju",30,22,0
"2020-04-17","Gyeonggi-do",650,340,14
"2020-04-17","Gyeongsangbuk-do",1356,1037,50
"2020-04-17","Gyeongsangnam-do",115,84,0
"2020-04-17","Incheon",89,51,0
"2020-04-17","Jeju-do",13,5,0
"2020-04-17","Jeollabuk-do",17,9,0
"2020-04-17","Jeollanam-do",15,7,0
"2020-04-17","Sejong",46,24,0
"2020-04-17","Seoul",621,268,2
"2020-04-17","Ulsan",42,34,1
"2020-04-18","Busan",130,112,3
"2020-04-18","Chungcheongbuk-do",45,38,0
"2020-04-18","Chungcheongnam-do",141,119,0
"2020-04-18","Daegu",6830,5685,160
"2020-04-18","Daejeon",39,25,0
"2020-04-18","Gangwon-do",53,28,1
"2020-04-18","Gwangju",30,22,0
"2020-04-18","Gyeonggi-do",654,361,14
"2020-04-18","Gyeongsangbuk-do",1358,1046,51
"2020-04-18","Gyeongsangnam-do",116,84,0
"2020-04-18","Incheon",90,55,0
"2020-04-18","Jeju-do",13,6,0
"2020-04-18","Jeollabuk-do",17,9,0
"2020-04-18","Jeollanam-do",15,7,0
"2020-04-18","Sejong",46,25,0
"2020-04-18","Seoul",622,274,2
"2020-04-18","Ulsan",42,34,1
"2020-04-19","Busan",130,115,3
"2020-04-19","Chungcheongbuk-do",45,38,0
"2020-04-19","Chungcheongnam-do",141,122,0
"2020-04-19","Daegu",6832,5743,161
"2020-04-19","Daejeon",39,25,0
"2020-04-19","Gangwon-do",53,28,2
"2020-04-19","Gwangju",30,22,0
"2020-04-19","Gyeonggi-do",654,370,14
"2020-04-19","Gyeongsangbuk-do",1359,1057,51
"2020-04-19","Gyeongsangnam-do",116,85,0
"2020-04-19","Incheon",91,55,0
"2020-04-19","Jeju-do",13,6,0
"2020-04-19","Jeollabuk-do",17,9,0
"2020-04-19","Jeollanam-do",15,8,0
"2020-04-19","Sejong",46,29,0
"2020-04-19","Seoul",624,288,2
"2020-04-19","Ulsan",42,34,1
"2020-04-20","Busan",132,115,3
"2020-04-20","Chungcheongbuk-do",45,38,0
"2020-04-20","Chungcheongnam-do",141,122,0
"2020-04-20","Daegu",6833,5769,163
"2020-04-20","Daejeon",39,26,0
"2020-04-20","Gangwon-do",53,28,2
"2020-04-20","Gwangju",30,22,0
"2020-04-20","Gyeonggi-do",656,387,14
"2020-04-20","Gyeongsangbuk-do",1361,1064,51
"2020-04-20","Gyeongsangnam-do",116,87,0
"2020-04-20","Incheon",92,56,0
"2020-04-20","Jeju-do",13,6,0
"2020-04-20","Jeollabuk-do",17,9,0
"2020-04-20","Jeollanam-do",15,8,0
"2020-04-20","Sejong",46,29,0
"2020-04-20","Seoul",624,304,2
"2020-04-20","Ulsan",43,34,1
"2020-04-21","Busan",132,115,3
"2020-04-21","Chungcheongbuk-do",45,39,0
"2020-04-21","Chungcheongnam-do",141,123,0
"2020-04-21","Daegu",6835,5793,164
"2020-04-21","Daejeon",39,26,0
"2020-04-21","Gangwon-do",53,30,2
"2020-04-21","Gwangju",30,22,0
"2020-04-21","Gyeonggi-do",658,398,14
"2020-04-21","Gyeongsangbuk-do",1361,1072,51
"2020-04-21","Gyeongsangnam-do",116,88,0
"2020-04-21","Incheon",92,56,0
"2020-04-21","Jeju-do",13,6,0
"2020-04-21","Jeollabuk-do",17,9,0
"2020-04-21","Jeollanam-do",15,8,0
"2020-04-21","Sejong",46,29,0
"2020-04-21","Seoul",626,315,2
"2020-04-21","Ulsan",43,35,1
"2020-04-22","Busan",134,115,3
"2020-04-22","Chungcheongbuk-do",45,39,0
"2020-04-22","Chungcheongnam-do",141,122,0
"2020-04-22","Daegu",6836,5827,165
"2020-04-22","Daejeon",40,27,0
"2020-04-22","Gangwon-do",53,31,2
"2020-04-22","Gwangju",30,22,0
"2020-04-22","Gyeonggi-do",658,404,14
"2020-04-22","Gyeongsangbuk-do",1363,1079,51
"2020-04-22","Gyeongsangnam-do",117,89,0
"2020-04-22","Incheon",92,57,0
"2020-04-22","Jeju-do",13,8,0
"2020-04-22","Jeollabuk-do",17,9,0
"2020-04-22","Jeollanam-do",15,8,0
"2020-04-22","Sejong",46,33,0
"2020-04-22","Seoul",628,322,2
"2020-04-22","Ulsan",43,35,1
"2020-04-23","Busan",135,116,3
"2020-04-23","Chungcheongbuk-do",45,40,0
"2020-04-23","Chungcheongnam-do",141,123,0
"2020-04-23","Daegu",6840,5890,166
"2020-04-23","Daejeon",40,29,0
"2020-04-23","Gangwon-do",53,31,2
"2020-04-23","Gwangju",30,24,0
"2020-04-23","Gyeonggi-do",659,424,14
"2020-04-23","Gyeongsangbuk-do",1363,1091,52
"2020-04-23","Gyeongsangnam-do",117,89,0
"2020-04-23","Incheon",92,56,0
"2020-04-23","Jeju-do",13,8,0
"2020-04-23","Jeollabuk-do",17,9,0
"2020-04-23","Jeollanam-do",15,8,0
"2020-04-23","Sejong",46,34,0
"2020-04-23","Seoul",628,342,2
"2020-04-23","Ulsan",43,36,1
"2020-04-24","Busan",136,116,3
"2020-04-24","Chungcheongbuk-do",45,40,0
"2020-04-24","Chungcheongnam-do",141,123,0
"2020-04-24","Daegu",6842,5931,166
"2020-04-24","Daejeon",40,30,0
"2020-04-24","Gangwon-do",53,31,2
"2020-04-24","Gwangju",30,24,0
"2020-04-24","Gyeonggi-do",660,441,14
"2020-04-24","Gyeongsangbuk-do",1364,1097,52
"2020-04-24","Gyeongsangnam-do",117,91,0
"2020-04-24","Incheon",92,54,0
"2020-04-24","Jeju-do",13,8,0
"2020-04-24","Jeollabuk-do",17,11,0
"2020-04-24","Jeollanam-do",15,8,0
"2020-04-24","Sejong",46,34,0
"2020-04-24","Seoul",628,362,2
"2020-04-24","Ulsan",43,36,1
"2020-04-25","Busan",136,116,3
"2020-04-25","Chungcheongbuk-do",45,40,0
"2020-04-25","Chungcheongnam-do",141,123,0
"2020-04-25","Daegu",6845,5974,166
"2020-04-25","Daejeon",40,32,0
"2020-04-25","Gangwon-do",53,32,2
"2020-04-25","Gwangju",30,25,0
"2020-04-25","Gyeonggi-do",662,448,14
"2020-04-25","Gyeongsangbuk-do",1364,1104,52
"2020-04-25","Gyeongsangnam-do",117,91,0
"2020-04-25","Incheon",92,55,0
"2020-04-25","Jeju-do",13,8,0
"2020-04-25","Jeollabuk-do",17,10,0
"2020-04-25","Jeollanam-do",15,8,0
"2020-04-25","Sejong",46,35,0
"2020-04-25","Seoul",629,383,2
"2020-04-25","Ulsan",43,36,1
"2020-04-26","Busan",137,116,3
"2020-04-26","Chungcheongbuk-do",45,40,0
"2020-04-26","Chungcheongnam-do",141,123,0
"2020-04-26","Daegu",6846,6018,168
"2020-04-26","Daejeon",40,34,0
"2020-04-26","Gangwon-do",53,34,2
"2020-04-26","Gwangju",30,25,0
"2020-04-26","Gyeonggi-do",668,463,14
"2020-04-26","Gyeongsangbuk-do",1364,1109,52
"2020-04-26","Gyeongsangnam-do",117,93,0
"2020-04-26","Incheon",92,57,0
"2020-04-26","Jeju-do",13,7,0
"2020-04-26","Jeollabuk-do",18,10,0
"2020-04-26","Jeollanam-do",15,9,0
"2020-04-26","Sejong",46,35,0
"2020-04-26","Seoul",629,388,2
"2020-04-26","Ulsan",43,36,1
"2020-04-27","Busan",137,117,3
"2020-04-27","Chungcheongbuk-do",45,40,0
"2020-04-27","Chungcheongnam-do",142,123,0
"2020-04-27","Daegu",6847,6040,169
"2020-04-27","Daejeon",40,34,0
"2020-04-27","Gangwon-do",53,35,2
"2020-04-27","Gwangju",30,25,0
"2020-04-27","Gyeonggi-do",671,470,14
"2020-04-27","Gyeongsangbuk-do",1364,1114,52
"2020-04-27","Gyeongsangnam-do",117,94,0
"2020-04-27","Incheon",92,58,0
"2020-04-27","Jeju-do",13,8,0
"2020-04-27","Jeollabuk-do",18,10,0
"2020-04-27","Jeollanam-do",15,9,0
"2020-04-27","Sejong",46,35,0
"2020-04-27","Seoul",629,393,2
"2020-04-27","Ulsan",43,36,1
"2020-04-28","Busan",137,116,3
"2020-04-28","Chungcheongbuk-do",45,40,0
"2020-04-28","Chungcheongnam-do",142,123,0
"2020-04-28","Daegu",6849,6056,170
"2020-04-28","Daejeon",40,35,0
"2020-04-28","Gangwon-do",53,37,2
"2020-04-28","Gwangju",30,25,0
"2020-04-28","Gyeonggi-do",674,475,14
"2020-04-28","Gyeongsangbuk-do",1365,1119,52
"2020-04-28","Gyeongsangnam-do",117,97,0
"2020-04-28","Incheon",93,63,0
"2020-04-28","Jeju-do",13,7,0
"2020-04-28","Jeollabuk-do",18,10,0
"2020-04-28","Jeollanam-do",15,10,0
"2020-04-28","Sejong",46,35,0
"2020-04-28","Seoul",633,427,2
"2020-04-28","Ulsan",43,36,1
"2020-04-29","Busan",137,116,3
"2020-04-29","Chungcheongbuk-do",45,40,0
"2020-04-29","Chungcheongnam-do",143,123,0
"2020-04-29","Daegu",6852,6075,171
"2020-04-29","Daejeon",40,35,0
"2020-04-29","Gangwon-do",53,37,2
"2020-04-29","Gwangju",30,26,0
"2020-04-29","Gyeonggi-do",676,481,15
"2020-04-29","Gyeongsangbuk-do",1365,1133,52
"2020-04-29","Gyeongsangnam-do",117,97,0
"2020-04-29","Incheon",93,66,0
"2020-04-29","Jeju-do",13,8,0
"2020-04-29","Jeollabuk-do",18,10,0
"2020-04-29","Jeollanam-do",15,10,0
"2020-04-29","Sejong",46,36,0
"2020-04-29","Seoul",633,437,2
"2020-04-29","Ulsan",43,37,1
"2020-04-30","Busan",137,116,3
"2020-04-30","Chungcheongbuk-do",45,41,0
"2020-04-30","Chungcheongnam-do",143,127,0
"2020-04-30","Daegu",6852,6144,172
"2020-04-30","Daejeon",40,35,0
"2020-04-30","Gangwon-do",53,40,2
"2020-04-30","Gwangju",30,27,0
"2020-04-30","Gyeonggi-do",676,486,15
"2020-04-30","Gyeongsangbuk-do",1365,1147,52
"2020-04-30","Gyeongsangnam-do",117,97,0
"2020-04-30","Incheon",93,68,0
"2020-04-30","Jeju-do",13,8,0
"2020-04-30","Jeollabuk-do",18,11,0
"2020-04-30","Jeollanam-do",15,11,0
"2020-04-30","Sejong",46,38,0
"2020-04-30","Seoul",633,453,2
"2020-04-30","Ulsan",43,37,1
"2020-05-01","Busan",137,116,3
"2020-05-01","Chungcheongbuk-do",45,41,0
"2020-05-01","Chungcheongnam-do",143,128,0
"2020-05-01","Daegu",6852,6144,172
"2020-05-01","Daejeon",40,35,0
"2020-05-01","Gangwon-do",53,40,2
"2020-05-01","Gwangju",30,27,0
"2020-05-01","Gyeonggi-do",678,488,16
"2020-05-01","Gyeongsangbuk-do",1366,1149,52
"2020-05-01","Gyeongsangnam-do",117,98,0
"2020-05-01","Incheon",94,69,0
"2020-05-01","Jeju-do",13,8,0
"2020-05-01","Jeollabuk-do",18,12,0
"2020-05-01","Jeollanam-do",15,12,0
"2020-05-01","Sejong",46,39,0
"2020-05-01","Seoul",634,455,2
"2020-05-01","Ulsan",43,37,1
"2020-05-02","Busan",138,117,3
"2020-05-02","Chungcheongbuk-do",45,41,0
"2020-05-02","Chungcheongnam-do",143,128,0
"2020-05-02","Daegu",6852,6155,174
"2020-05-02","Daejeon",40,36,0
"2020-05-02","Gangwon-do",53,42,2
"2020-05-02","Gwangju",30,28,0
"2020-05-02","Gyeonggi-do",678,498,16
"2020-05-02","Gyeongsangbuk-do",1366,1154,52
"2020-05-02","Gyeongsangnam-do",117,99,0
"2020-05-02","Incheon",95,70,0
"2020-05-02","Jeju-do",13,8,0
"2020-05-02","Jeollabuk-do",18,12,0
"2020-05-02","Jeollanam-do",15,12,0
"2020-05-02","Sejong",46,41,0
"2020-05-02","Seoul",635,463,2
"2020-05-02","Ulsan",43,37,1
"2020-05-03","Busan",138,117,3
"2020-05-03","Chungcheongbuk-do",45,42,0
"2020-05-03","Chungcheongnam-do",143,128,0
"2020-05-03","Daegu",6856,6167,174
"2020-05-03","Daejeon",40,36,0
"2020-05-03","Gangwon-do",53,43,2
"2020-05-03","Gwangju",30,28,0
"2020-05-03","Gyeonggi-do",680,510,16
"2020-05-03","Gyeongsangbuk-do",1366,1165,52
"2020-05-03","Gyeongsangnam-do",117,100,0
"2020-05-03","Incheon",95,72,0
"2020-05-03","Jeju-do",13,8,0
"2020-05-03","Jeollabuk-do",18,12,0
"2020-05-03","Jeollanam-do",15,12,0
"2020-05-03","Sejong",46,42,0
"2020-05-03","Seoul",637,473,2
"2020-05-03","Ulsan",43,37,1
"2020-05-04","Busan",138,117,3
"2020-05-04","Chungcheongbuk-do",45,42,0
"2020-05-04","Chungcheongnam-do",143,128,0
"2020-05-04","Daegu",6856,6177,174
"2020-05-04","Daejeon",40,36,1
"2020-05-04","Gangwon-do",53,42,2
"2020-05-04","Gwangju",30,28,0
"2020-05-04","Gyeonggi-do",681,515,16
"2020-05-04","Gyeongsangbuk-do",1366,1173,53
"2020-05-04","Gyeongsangnam-do",117,101,0
"2020-05-04","Incheon",96,72,0
"2020-05-04","Jeju-do",13,8,0
"2020-05-04","Jeollabuk-do",18,12,0
"2020-05-04","Jeollanam-do",16,12,0
"2020-05-04","Sejong",46,44,0
"2020-05-04","Seoul",637,481,2
"2020-05-04","Ulsan",44,37,1
"2020-05-05","Busan",138,117,3
"2020-05-05","Chungcheongbuk-do",45,42,0
"2020-05-05","Chungcheongnam-do",143,128,0
"2020-05-05","Daegu",6856,6199,176
"2020-05-05","Daejeon",40,36,1
"2020-05-05","Gangwon-do",53,42,2
"2020-05-05","Gwangju",30,28,0
"2020-05-05","Gyeonggi-do",681,518,16
"2020-05-05","Gyeongsangbuk-do",1366,1186,53
"2020-05-05","Gyeongsangnam-do",117,102,0
"2020-05-05","Incheon",97,71,0
"2020-05-05","Jeju-do",13,8,0
"2020-05-05","Jeollabuk-do",18,12,0
"2020-05-05","Jeollanam-do",16,12,0
"2020-05-05","Sejong",46,45,0
"2020-05-05","Seoul",637,489,2
"2020-05-05","Ulsan",44,38,1
"2020-05-06","Busan",138,119,3
"2020-05-06","Chungcheongbuk-do",45,42,0
"2020-05-06","Chungcheongnam-do",143,128,0
"2020-05-06","Daegu",6856,6217,177
"2020-05-06","Daejeon",40,38,1
"2020-05-06","Gangwon-do",53,42,2
"2020-05-06","Gwangju",30,28,0
"2020-05-06","Gyeonggi-do",681,525,16
"2020-05-06","Gyeongsangbuk-do",1366,1190,53
"2020-05-06","Gyeongsangnam-do",117,104,0
"2020-05-06","Incheon",97,72,0
"2020-05-06","Jeju-do",13,12,0
"2020-05-06","Jeollabuk-do",18,12,0
"2020-05-06","Jeollanam-do",16,12,0
"2020-05-06","Sejong",46,45,0
"2020-05-06","Seoul",637,494,2
"2020-05-06","Ulsan",44,37,1
"2020-05-07","Busan",138,120,3
"2020-05-07","Chungcheongbuk-do",46,42,0
"2020-05-07","Chungcheongnam-do",143,128,0
"2020-05-07","Daegu",6856,6249,178
"2020-05-07","Daejeon",41,38,1
"2020-05-07","Gangwon-do",53,42,2
"2020-05-07","Gwangju",30,28,0
"2020-05-07","Gyeonggi-do",682,538,16
"2020-05-07","Gyeongsangbuk-do",1366,1198,53
"2020-05-07","Gyeongsangnam-do",117,105,0
"2020-05-07","Incheon",97,72,0
"2020-05-07","Jeju-do",13,12,0
"2020-05-07","Jeollabuk-do",18,14,0
"2020-05-07","Jeollanam-do",16,12,0
"2020-05-07","Sejong",46,45,0
"2020-05-07","Seoul",637,508,2
"2020-05-07","Ulsan",44,37,1
"2020-05-08","Busan",140,123,3
"2020-05-08","Chungcheongbuk-do",47,41,0
"2020-05-08","Chungcheongnam-do",143,130,0
"2020-05-08","Daegu",6859,6277,178
"2020-05-08","Daejeon",41,38,1
"2020-05-08","Gangwon-do",53,41,2
"2020-05-08","Gwangju",30,28,0
"2020-05-08","Gyeonggi-do",684,538,16
"2020-05-08","Gyeongsangbuk-do",1366,1206,53
"2020-05-08","Gyeongsangnam-do",117,105,0
"2020-05-08","Incheon",97,75,0
"2020-05-08","Jeju-do",13,12,0
"2020-05-08","Jeollabuk-do",19,14,0
"2020-05-08","Jeollanam-do",16,12,0
"2020-05-08","Sejong",46,45,0
"2020-05-08","Seoul",637,520,2
"2020-05-08","Ulsan",44,37,1
"2020-05-09","Busan",141,125,3
"2020-05-09","Chungcheongbuk-do",47,41,0
"2020-05-09","Chungcheongnam-do",143,133,0
"2020-05-09","Daegu",6859,6306,178
"2020-05-09","Daejeon",41,38,1
"2020-05-09","Gangwon-do",53,41,2
"2020-05-09","Gwangju",30,29,0
"2020-05-09","Gyeonggi-do",688,548,16
"2020-05-09","Gyeongsangbuk-do",1366,1215,53
"2020-05-09","Gyeongsangnam-do",117,107,0
"2020-05-09","Incheon",98,78,0
"2020-05-09","Jeju-do",13,13,0
"2020-05-09","Jeollabuk-do",19,14,0
"2020-05-09","Jeollanam-do",16,12,0
"2020-05-09","Sejong",46,45,0
"2020-05-09","Seoul",649,536,2
"2020-05-09","Ulsan",44,38,1
"2020-05-10","Busan",141,125,3
"2020-05-10","Chungcheongbuk-do",49,42,0
"2020-05-10","Chungcheongnam-do",143,133,0
"2020-05-10","Daegu",6861,6318,178
"2020-05-10","Daejeon",41,38,1
"2020-05-10","Gangwon-do",53,41,2
"2020-05-10","Gwangju",30,30,0
"2020-05-10","Gyeonggi-do",694,556,16
"2020-05-10","Gyeongsangbuk-do",1366,1220,53
"2020-05-10","Gyeongsangnam-do",117,108,0
"2020-05-10","Incheon",101,80,0
"2020-05-10","Jeju-do",14,13,0
"2020-05-10","Jeollabuk-do",19,14,0
"2020-05-10","Jeollanam-do",16,12,0
"2020-05-10","Sejong",46,45,0
"2020-05-10","Seoul",663,541,2
"2020-05-10","Ulsan",44,38,1
"2020-05-11","Busan",141,125,3
"2020-05-11","Chungcheongbuk-do",52,42,0
"2020-05-11","Chungcheongnam-do",143,134,0
"2020-05-11","Daegu",6861,6318,178
"2020-05-11","Daejeon",41,38,1
"2020-05-11","Gangwon-do",54,41,2
"2020-05-11","Gwangju",30,30,0
"2020-05-11","Gyeonggi-do",698,557,16
"2020-05-11","Gyeongsangbuk-do",1366,1228,53
"2020-05-11","Gyeongsangnam-do",117,110,0
"2020-05-11","Incheon",104,82,0
"2020-05-11","Jeju-do",14,13,0
"2020-05-11","Jeollabuk-do",19,14,0
"2020-05-11","Jeollanam-do",16,12,0
"2020-05-11","Sejong",47,45,0
"2020-05-11","Seoul",683,545,2
"2020-05-11","Ulsan",44,38,1
"2020-05-12","Busan",141,125,3
"2020-05-12","Chungcheongbuk-do",52,42,0
"2020-05-12","Chungcheongnam-do",143,136,0
"2020-05-12","Daegu",6862,6331,179
"2020-05-12","Daejeon",43,38,1
"2020-05-12","Gangwon-do",54,41,2
"2020-05-12","Gwangju",30,30,0
"2020-05-12","Gyeonggi-do",706,559,16
"2020-05-12","Gyeongsangbuk-do",1367,1230,54
"2020-05-12","Gyeongsangnam-do",118,112,0
"2020-05-12","Incheon",105,82,0
"2020-05-12","Jeju-do",14,12,0
"2020-05-12","Jeollabuk-do",19,14,0
"2020-05-12","Jeollanam-do",16,12,0
"2020-05-12","Sejong",47,45,0
"2020-05-12","Seoul",695,554,2
"2020-05-12","Ulsan",44,40,1
"2020-05-13","Busan",144,126,3
"2020-05-13","Chungcheongbuk-do",52,43,0
"2020-05-13","Chungcheongnam-do",143,138,0
"2020-05-13","Daegu",6865,6322,179
"2020-05-13","Daejeon",43,38,1
"2020-05-13","Gangwon-do",54,42,2
"2020-05-13","Gwangju",30,30,0
"2020-05-13","Gyeonggi-do",708,563,16
"2020-05-13","Gyeongsangbuk-do",1367,1231,54
"2020-05-13","Gyeongsangnam-do",119,113,0
"2020-05-13","Incheon",107,86,0
"2020-05-13","Jeju-do",14,12,0
"2020-05-13","Jeollabuk-do",20,14,0
"2020-05-13","Jeollanam-do",16,12,0
"2020-05-13","Sejong",47,46,0
"2020-05-13","Seoul",707,558,3
"2020-05-13","Ulsan",45,41,1
"2020-05-14","Busan",144,127,3
"2020-05-14","Chungcheongbuk-do",55,43,0
"2020-05-14","Chungcheongnam-do",144,138,0
"2020-05-14","Daegu",6865,6349,179
"2020-05-14","Daejeon",43,39,1
"2020-05-14","Gangwon-do",55,43,2
"2020-05-14","Gwangju",30,30,0
"2020-05-14","Gyeonggi-do",714,577,16
"2020-05-14","Gyeongsangbuk-do",1368,1237,54
"2020-05-14","Gyeongsangnam-do",119,114,0
"2020-05-14","Incheon",119,85,0
"2020-05-14","Jeju-do",14,12,0
"2020-05-14","Jeollabuk-do",20,14,0
"2020-05-14","Jeollanam-do",17,13,0
"2020-05-14","Sejong",47,46,0
"2020-05-14","Seoul",711,564,4
"2020-05-14","Ulsan",45,41,1
"2020-05-15","Busan",144,127,3
"2020-05-15","Chungcheongbuk-do",55,43,0
"2020-05-15","Chungcheongnam-do",144,139,0
"2020-05-15","Daegu",6868,6366,179
"2020-05-15","Daejeon",43,39,1
"2020-05-15","Gangwon-do",55,44,2
"2020-05-15","Gwangju",30,30,0
"2020-05-15","Gyeonggi-do",717,583,16
"2020-05-15","Gyeongsangbuk-do",1368,1245,54
"2020-05-15","Gyeongsangnam-do",119,115,0
"2020-05-15","Incheon",124,85,0
"2020-05-15","Jeju-do",14,12,0
"2020-05-15","Jeollabuk-do",20,14,0
"2020-05-15","Jeollanam-do",18,13,0
"2020-05-15","Sejong",47,47,0
"2020-05-15","Seoul",725,569,4
"2020-05-15","Ulsan",45,39,1
"2020-05-16","Busan",144,130,3
"2020-05-16","Chungcheongbuk-do",56,43,0
"2020-05-16","Chungcheongnam-do",144,139,0
"2020-05-16","Daegu",6869,6367,181
"2020-05-16","Daejeon",43,39,1
"2020-05-16","Gangwon-do",55,45,2
"2020-05-16","Gwangju",30,30,0
"2020-05-16","Gyeonggi-do",721,587,16
"2020-05-16","Gyeongsangbuk-do",1368,1253,54
"2020-05-16","Gyeongsangnam-do",119,116,0
"2020-05-16","Incheon",124,85,0
"2020-05-16","Jeju-do",14,11,0
"2020-05-16","Jeollabuk-do",20,16,0
"2020-05-16","Jeollanam-do",18,13,0
"2020-05-16","Sejong",47,47,0
"2020-05-16","Seoul",730,574,4
"2020-05-16","Ulsan",45,40,1
"2020-05-17","Busan",144,130,3
"2020-05-17","Chungcheongbuk-do",56,43,0
"2020-05-17","Chungcheongnam-do",144,140,0
"2020-05-17","Daegu",6870,6376,181
"2020-05-17","Daejeon",44,39,1
"2020-05-17","Gangwon-do",55,45,2
"2020-05-17","Gwangju",30,30,0
"2020-05-17","Gyeonggi-do",721,598,16
"2020-05-17","Gyeongsangbuk-do",1368,1254,54
"2020-05-17","Gyeongsangnam-do",121,116,0
"2020-05-17","Incheon",124,85,0
"2020-05-17","Jeju-do",14,11,0
"2020-05-17","Jeollabuk-do",20,16,0
"2020-05-17","Jeollanam-do",18,13,0
"2020-05-17","Sejong",47,47,0
"2020-05-17","Seoul",735,575,4
"2020-05-17","Ulsan",45,41,1
"2020-05-18","Busan",144,130,3
"2020-05-18","Chungcheongbuk-do",59,43,0
"2020-05-18","Chungcheongnam-do",144,140,0
"2020-05-18","Daegu",6871,6376,182
"2020-05-18","Daejeon",44,39,1
"2020-05-18","Gangwon-do",55,46,2
"2020-05-18","Gwangju",30,30,0
"2020-05-18","Gyeonggi-do",724,600,16
"2020-05-18","Gyeongsangbuk-do",1368,1257,54
"2020-05-18","Gyeongsangnam-do",121,116,0
"2020-05-18","Incheon",124,86,0
"2020-05-18","Jeju-do",14,11,0
"2020-05-18","Jeollabuk-do",20,18,0
"2020-05-18","Jeollanam-do",18,14,0
"2020-05-18","Sejong",47,47,0
"2020-05-18","Seoul",736,579,4
"2020-05-18","Ulsan",45,41,1
"2020-05-19","Busan",144,130,3
"2020-05-19","Chungcheongbuk-do",59,43,0
"2020-05-19","Chungcheongnam-do",144,140,0
"2020-05-19","Daegu",6871,6389,182
"2020-05-19","Daejeon",44,39,1
"2020-05-19","Gangwon-do",55,46,2
"2020-05-19","Gwangju",30,30,0
"2020-05-19","Gyeonggi-do",725,602,16
"2020-05-19","Gyeongsangbuk-do",1368,1261,54
"2020-05-19","Gyeongsangnam-do",121,115,0
"2020-05-19","Incheon",126,87,0
"2020-05-19","Jeju-do",14,11,0
"2020-05-19","Jeollabuk-do",20,19,0
"2020-05-19","Jeollanam-do",18,13,0
"2020-05-19","Sejong",47,46,0
"2020-05-19","Seoul",742,587,4
"2020-05-19","Ulsan",49,41,1
"2020-05-20","Busan",144,131,3
"2020-05-20","Chungcheongbuk-do",59,44,0
"2020-05-20","Chungcheongnam-do",144,141,0
"2020-05-20","Daegu",6872,6471,182
"2020-05-20","Daejeon",44,39,1
"2020-05-20","Gangwon-do",55,47,2
"2020-05-20","Gwangju",30,30,0
"2020-05-20","Gyeonggi-do",735,611,16
"2020-05-20","Gyeongsangbuk-do",1368,1271,54
"2020-05-20","Gyeongsangnam-do",121,117,0
"2020-05-20","Incheon",134,88,0
"2020-05-20","Jeju-do",14,13,0
"2020-05-20","Jeollabuk-do",21,19,0
"2020-05-20","Jeollanam-do",18,14,0
"2020-05-20","Sejong",47,47,0
"2020-05-20","Seoul",752,592,4
"2020-05-20","Ulsan",49,42,1
"2020-05-21","Busan",144,131,3
"2020-05-21","Chungcheongbuk-do",59,44,0
"2020-05-21","Chungcheongnam-do",145,141,0
"2020-05-21","Daegu",6872,6498,182
"2020-05-21","Daejeon",44,39,1
"2020-05-21","Gangwon-do",55,47,2
"2020-05-21","Gwangju",30,30,0
"2020-05-21","Gyeonggi-do",735,631,17
"2020-05-21","Gyeongsangbuk-do",1368,1272,54
"2020-05-21","Gyeongsangnam-do",121,117,0
"2020-05-21","Incheon",140,89,0
"2020-05-21","Jeju-do",14,13,0
"2020-05-21","Jeollabuk-do",21,19,0
"2020-05-21","Jeollanam-do",18,16,0
"2020-05-21","Sejong",47,47,0
"2020-05-21","Seoul",756,596,4
"2020-05-21","Ulsan",49,42,1
"2020-05-22","Busan",144,131,3
"2020-05-22","Chungcheongbuk-do",59,44,0
"2020-05-22","Chungcheongnam-do",145,141,0
"2020-05-22","Daegu",6872,6505,182
"2020-05-22","Daejeon",44,39,1
"2020-05-22","Gangwon-do",55,47,2
"2020-05-22","Gwangju",30,30,0
"2020-05-22","Gyeonggi-do",741,633,17
"2020-05-22","Gyeongsangbuk-do",1370,1276,54
"2020-05-22","Gyeongsangnam-do",122,117,0
"2020-05-22","Incheon",141,90,0
"2020-05-22","Jeju-do",14,13,0
"2020-05-22","Jeollabuk-do",21,19,0
"2020-05-22","Jeollanam-do",18,16,0
"2020-05-22","Sejong",47,47,0
"2020-05-22","Seoul",758,599,4
"2020-05-22","Ulsan",50,42,1
"2020-05-23","Busan",144,131,3
"2020-05-23","Chungcheongbuk-do",59,45,0
"2020-05-23","Chungcheongnam-do",145,141,0
"2020-05-23","Daegu",6873,6516,183
"2020-05-23","Daejeon",45,40,1
"2020-05-23","Gangwon-do",55,47,2
"2020-05-23","Gwangju",30,30,0
"2020-05-23","Gyeonggi-do",754,636,18
"2020-05-23","Gyeongsangbuk-do",1370,1278,54
"2020-05-23","Gyeongsangnam-do",123,117,0
"2020-05-23","Incheon",141,91,0
"2020-05-23","Jeju-do",14,13,0
"2020-05-23","Jeollabuk-do",21,19,0
"2020-05-23","Jeollanam-do",18,16,0
"2020-05-23","Sejong",47,47,0
"2020-05-23","Seoul",762,604,4
"2020-05-23","Ulsan",50,42,1
"2020-05-24","Busan",144,131,3
"2020-05-24","Chungcheongbuk-do",59,46,0
"2020-05-24","Chungcheongnam-do",145,141,0
"2020-05-24","Daegu",6873,6518,183
"2020-05-24","Daejeon",45,40,1
"2020-05-24","Gangwon-do",56,47,2
"2020-05-24","Gwangju",30,30,0
"2020-05-24","Gyeonggi-do",760,643,18
"2020-05-24","Gyeongsangbuk-do",1376,1281,54
"2020-05-24","Gyeongsangnam-do",123,117,0
"2020-05-24","Incheon",143,92,0
"2020-05-24","Jeju-do",14,13,0
"2020-05-24","Jeollabuk-do",21,19,0
"2020-05-24","Jeollanam-do",18,17,0
"2020-05-24","Sejong",47,47,0
"2020-05-24","Seoul",768,604,4
"2020-05-24","Ulsan",50,42,1
"2020-05-25","Busan",144,131,3
"2020-05-25","Chungcheongbuk-do",59,46,0
"2020-05-25","Chungcheongnam-do",145,141,0
"2020-05-25","Daegu",6874,6519,183
"2020-05-25","Daejeon",45,40,1
"2020-05-25","Gangwon-do",56,48,2
"2020-05-25","Gwangju",30,30,0
"2020-05-25","Gyeonggi-do",766,644,19
"2020-05-25","Gyeongsangbuk-do",1377,1285,54
"2020-05-25","Gyeongsangnam-do",123,119,0
"2020-05-25","Incheon",144,92,0
"2020-05-25","Jeju-do",14,13,0
"2020-05-25","Jeollabuk-do",21,19,0
"2020-05-25","Jeollanam-do",18,17,0
"2020-05-25","Sejong",47,47,0
"2020-05-25","Seoul",774,607,4
"2020-05-25","Ulsan",50,42,1
"2020-05-26","Busan",144,131,3
"2020-05-26","Chungcheongbuk-do",60,46,0
"2020-05-26","Chungcheongnam-do",145,141,0
"2020-05-26","Daegu",6875,6553,184
"2020-05-26","Daejeon",45,40,1
"2020-05-26","Gangwon-do",56,48,3
"2020-05-26","Gwangju",30,30,0
"2020-05-26","Gyeonggi-do",768,645,19
"2020-05-26","Gyeongsangbuk-do",1378,1286,54
"2020-05-26","Gyeongsangnam-do",123,119,0
"2020-05-26","Incheon",147,93,0
"2020-05-26","Jeju-do",14,13,0
"2020-05-26","Jeollabuk-do",21,19,0
"2020-05-26","Jeollanam-do",18,17,0
"2020-05-26","Sejong",47,47,0
"2020-05-26","Seoul",783,614,4
"2020-05-26","Ulsan",50,42,1
"2020-05-27","Busan",144,135,3
"2020-05-27","Chungcheongbuk-do",60,46,0
"2020-05-27","Chungcheongnam-do",145,141,0
"2020-05-27","Daegu",6878,6557,184
"2020-05-27","Daejeon",45,40,1
"2020-05-27","Gangwon-do",56,48,3
"2020-05-27","Gwangju",30,30,0
"2020-05-27","Gyeonggi-do",774,646,19
"2020-05-27","Gyeongsangbuk-do",1378,1287,54
"2020-05-27","Gyeongsangnam-do",123,119,0
"2020-05-27","Incheon",158,93,0
"2020-05-27","Jeju-do",14,13,0
"2020-05-27","Jeollabuk-do",21,19,0
"2020-05-27","Jeollanam-do",18,17,0
"2020-05-27","Sejong",47,47,0
"2020-05-27","Seoul",802,618,4
"2020-05-27","Ulsan",50,42,1
"2020-05-28","Busan",145,136,3
"2020-05-28","Chungcheongbuk-do",60,46,0
"2020-05-28","Chungcheongnam-do",146,141,0
"2020-05-28","Daegu",6880,6576,184
"2020-05-28","Daejeon",45,40,1
"2020-05-28","Gangwon-do",56,49,3
"2020-05-28","Gwangju",30,30,0
"2020-05-28","Gyeonggi-do",795,646,19
"2020-05-28","Gyeongsangbuk-do",1379,1291,54
"2020-05-28","Gyeongsangnam-do",123,119,0
"2020-05-28","Incheon",180,93,0
"2020-05-28","Jeju-do",14,13,0
"2020-05-28","Jeollabuk-do",21,19,0
"2020-05-28","Jeollanam-do",18,17,0
"2020-05-28","Sejong",47,47,0
"2020-05-28","Seoul",826,621,4
"2020-05-28","Ulsan",50,44,1
"2020-05-29","Busan",145,136,3
"2020-05-29","Chungcheongbuk-do",60,46,0
"2020-05-29","Chungcheongnam-do",146,141,0
"2020-05-29","Daegu",6880,6587,184
"2020-05-29","Daejeon",45,42,1
"2020-05-29","Gangwon-do",56,50,3
"2020-05-29","Gwangju",30,30,0
"2020-05-29","Gyeonggi-do",815,647,19
"2020-05-29","Gyeongsangbuk-do",1379,1293,54
"2020-05-29","Gyeongsangnam-do",123,119,0
"2020-05-29","Incheon",198,93,0
"2020-05-29","Jeju-do",14,13,0
"2020-05-29","Jeollabuk-do",21,19,0
"2020-05-29","Jeollanam-do",18,17,0
"2020-05-29","Sejong",47,47,0
"2020-05-29","Seoul",846,623,4
"2020-05-29","Ulsan",50,44,1
"2020-05-30","Busan",146,138,3
"2020-05-30","Chungcheongbuk-do",60,49,0
"2020-05-30","Chungcheongnam-do",146,142,0
"2020-05-30","Daegu",6882,6606,184
"2020-05-30","Daejeon",45,42,1
"2020-05-30","Gangwon-do",57,50,3
"2020-05-30","Gwangju",32,30,0
"2020-05-30","Gyeonggi-do",828,648,19
"2020-05-30","Gyeongsangbuk-do",1379,1294,54
"2020-05-30","Gyeongsangnam-do",123,120,0
"2020-05-30","Incheon",203,94,0
"2020-05-30","Jeju-do",14,13,0
"2020-05-30","Jeollabuk-do",21,19,0
"2020-05-30","Jeollanam-do",19,17,0
"2020-05-30","Sejong",47,47,0
"2020-05-30","Seoul",855,627,4
"2020-05-30","Ulsan",50,44,1
"2020-05-31","Busan",147,138,3
"2020-05-31","Chungcheongbuk-do",60,49,0
"2020-05-31","Chungcheongnam-do",146,142,0
"2020-05-31","Daegu",6883,6607,185
"2020-05-31","Daejeon",46,42,1
"2020-05-31","Gangwon-do",57,50,3
"2020-05-31","Gwangju",32,30,0
"2020-05-31","Gyeonggi-do",840,650,19
"2020-05-31","Gyeongsangbuk-do",1379,1295,54
"2020-05-31","Gyeongsangnam-do",123,121,0
"2020-05-31","Incheon",206,94,0
"2020-05-31","Jeju-do",15,13,0
"2020-05-31","Jeollabuk-do",21,19,0
"2020-05-31","Jeollanam-do",19,17,0
"2020-05-31","Sejong",47,47,0
"2020-05-31","Seoul",861,627,4
"2020-05-31","Ulsan",52,45,1
"2020-06-01","Busan",147,138,3
"2020-06-01","Chungcheongbuk-do",60,49,0
"2020-06-01","Chungcheongnam-do",146,142,0
"2020-06-01","Daegu",6884,6610,186
"2020-06-01","Daejeon",46,42,1
"2020-06-01","Gangwon-do",57,50,3
"2020-06-01","Gwangju",32,30,0
"2020-06-01","Gyeonggi-do",852,657,19
"2020-06-01","Gyeongsangbuk-do",1379,1296,54
"2020-06-01","Gyeongsangnam-do",123,121,0
"2020-06-01","Incheon",224,98,0
"2020-06-01","Jeju-do",15,13,0
"2020-06-01","Jeollabuk-do",21,19,0
"2020-06-01","Jeollanam-do",20,17,0
"2020-06-01","Sejong",47,47,0
"2020-06-01","Seoul",862,627,4
"2020-06-01","Ulsan",52,45,1
"2020-06-02","Busan",147,138,3
"2020-06-02","Chungcheongbuk-do",60,49,0
"2020-06-02","Chungcheongnam-do",146,142,0
"2020-06-02","Daegu",6884,6616,187
"2020-06-02","Daejeon",46,42,1
"2020-06-02","Gangwon-do",57,51,3
"2020-06-02","Gwangju",32,30,0
"2020-06-02","Gyeonggi-do",867,660,19
"2020-06-02","Gyeongsangbuk-do",1379,1297,54
"2020-06-02","Gyeongsangnam-do",123,121,0
"2020-06-02","Incheon",232,98,0
"2020-06-02","Jeju-do",15,13,0
"2020-06-02","Jeollabuk-do",21,19,0
"2020-06-02","Jeollanam-do",20,17,0
"2020-06-02","Sejong",47,47,0
"2020-06-02","Seoul",876,638,4
"2020-06-02","Ulsan",52,45,1
"2020-06-03","Busan",147,138,3
"2020-06-03","Chungcheongbuk-do",60,49,0
"2020-06-03","Chungcheongnam-do",146,142,0
"2020-06-03","Daegu",6885,6626,188
"2020-06-03","Daejeon",46,42,1
"2020-06-03","Gangwon-do",57,51,3
"2020-06-03","Gwangju",32,30,0
"2020-06-03","Gyeonggi-do",879,662,19
"2020-06-03","Gyeongsangbuk-do",1379,1298,54
"2020-06-03","Gyeongsangnam-do",123,121,0
"2020-06-03","Incheon",249,98,0
"2020-06-03","Jeju-do",15,13,0
"2020-06-03","Jeollabuk-do",21,19,0
"2020-06-03","Jeollanam-do",20,17,0
"2020-06-03","Sejong",47,47,0
"2020-06-03","Seoul",895,639,4
"2020-06-03","Ulsan",52,45,1
"2020-06-04","Busan",147,138,3
"2020-06-04","Chungcheongbuk-do",60,49,0
"2020-06-04","Chungcheongnam-do",146,142,0
"2020-06-04","Daegu",6885,6634,188
"2020-06-04","Daejeon",46,42,1
"2020-06-04","Gangwon-do",57,51,3
"2020-06-04","Gwangju",32,30,0
"2020-06-04","Gyeonggi-do",894,665,19
"2020-06-04","Gyeongsangbuk-do",1380,1301,54
"2020-06-04","Gyeongsangnam-do",123,121,0
"2020-06-04","Incheon",256,105,0
"2020-06-04","Jeju-do",15,13,0
"2020-06-04","Jeollabuk-do",21,19,0
"2020-06-04","Jeollanam-do",20,17,0
"2020-06-04","Sejong",47,47,0
"2020-06-04","Seoul",909,644,4
"2020-06-04","Ulsan",52,46,1
"2020-06-05","Busan",147,138,3
"2020-06-05","Chungcheongbuk-do",60,49,0
"2020-06-05","Chungcheongnam-do",147,143,0
"2020-06-05","Daegu",6886,6634,188
"2020-06-05","Daejeon",46,42,1
"2020-06-05","Gangwon-do",57,51,3
"2020-06-05","Gwangju",32,30,0
"2020-06-05","Gyeonggi-do",907,665,19
"2020-06-05","Gyeongsangbuk-do",1382,1302,54
"2020-06-05","Gyeongsangnam-do",123,121,0
"2020-06-05","Incheon",262,107,0
"2020-06-05","Jeju-do",15,13,0
"2020-06-05","Jeollabuk-do",21,19,0
"2020-06-05","Jeollanam-do",20,17,0
"2020-06-05","Sejong",47,47,0
"2020-06-05","Seoul",924,645,4
"2020-06-05","Ulsan",52,46,1
"2020-06-06","Busan",147,139,3
"2020-06-06","Chungcheongbuk-do",60,49,0
"2020-06-06","Chungcheongnam-do",148,143,0
"2020-06-06","Daegu",6886,6638,188
"2020-06-06","Daejeon",46,42,1
"2020-06-06","Gangwon-do",58,51,3
"2020-06-06","Gwangju",32,30,0
"2020-06-06","Gyeonggi-do",915,673,19
"2020-06-06","Gyeongsangbuk-do",1383,1303,54
"2020-06-06","Gyeongsangnam-do",124,122,0
"2020-06-06","Incheon",273,110,0
"2020-06-06","Jeju-do",15,13,0
"2020-06-06","Jeollabuk-do",21,19,0
"2020-06-06","Jeollanam-do",20,17,0
"2020-06-06","Sejong",47,47,0
"2020-06-06","Seoul",947,650,4
"2020-06-06","Ulsan",52,46,1
"2020-06-07","Busan",147,140,3
"2020-06-07","Chungcheongbuk-do",61,49,0
"2020-06-07","Chungcheongnam-do",148,143,0
"2020-06-07","Daegu",6887,6640,188
"2020-06-07","Daejeon",46,42,1
"2020-06-07","Gangwon-do",58,51,3
"2020-06-07","Gwangju",32,30,0
"2020-06-07","Gyeonggi-do",934,678,19
"2020-06-07","Gyeongsangbuk-do",1383,1304,54
"2020-06-07","Gyeongsangnam-do",124,122,0
"2020-06-07","Incheon",279,118,0
"2020-06-07","Jeju-do",15,13,0
"2020-06-07","Jeollabuk-do",21,19,0
"2020-06-07","Jeollanam-do",20,17,0
"2020-06-07","Sejong",47,47,0
"2020-06-07","Seoul",974,651,4
"2020-06-07","Ulsan",53,46,1
"2020-06-08","Busan",147,141,3
"2020-06-08","Chungcheongbuk-do",61,49,0
"2020-06-08","Chungcheongnam-do",148,143,0
"2020-06-08","Daegu",6888,6641,188
"2020-06-08","Daejeon",46,43,1
"2020-06-08","Gangwon-do",58,51,3
"2020-06-08","Gwangju",32,30,0
"2020-06-08","Gyeonggi-do",942,680,19
"2020-06-08","Gyeongsangbuk-do",1383,1309,54
"2020-06-08","Gyeongsangnam-do",124,122,0
"2020-06-08","Incheon",283,118,0
"2020-06-08","Jeju-do",15,13,0
"2020-06-08","Jeollabuk-do",21,19,0
"2020-06-08","Jeollanam-do",20,17,0
"2020-06-08","Sejong",47,47,0
"2020-06-08","Seoul",996,651,4
"2020-06-08","Ulsan",53,46,1
"2020-06-09","Busan",147,141,3
"2020-06-09","Chungcheongbuk-do",61,49,0
"2020-06-09","Chungcheongnam-do",150,143,0
"2020-06-09","Daegu",6888,6643,188
"2020-06-09","Daejeon",46,43,1
"2020-06-09","Gangwon-do",58,51,3
"2020-06-09","Gwangju",32,30,0
"2020-06-09","Gyeonggi-do",955,680,20
"2020-06-09","Gyeongsangbuk-do",1383,1310,54
"2020-06-09","Gyeongsangnam-do",125,123,0
"2020-06-09","Incheon",286,121,0
"2020-06-09","Jeju-do",15,13,0
"2020-06-09","Jeollabuk-do",21,19,0
"2020-06-09","Jeollanam-do",20,17,0
"2020-06-09","Sejong",47,47,0
"2020-06-09","Seoul",1015,664,4
"2020-06-09","Ulsan",53,46,1
"2020-06-10","Busan",147,141,3
"2020-06-10","Chungcheongbuk-do",61,49,0
"2020-06-10","Chungcheongnam-do",150,143,0
"2020-06-10","Daegu",6888,6648,188
"2020-06-10","Daejeon",46,43,1
"2020-06-10","Gangwon-do",59,51,3
"2020-06-10","Gwangju",32,30,0
"2020-06-10","Gyeonggi-do",976,682,22
"2020-06-10","Gyeongsangbuk-do",1383,1310,54
"2020-06-10","Gyeongsangnam-do",127,123,0
"2020-06-10","Incheon",294,127,0
"2020-06-10","Jeju-do",15,13,0
"2020-06-10","Jeollabuk-do",21,19,0
"2020-06-10","Jeollanam-do",20,18,0
"2020-06-10","Sejong",47,47,0
"2020-06-10","Seoul",1027,665,4
"2020-06-10","Ulsan",53,47,1
"2020-06-11","Busan",147,141,3
"2020-06-11","Chungcheongbuk-do",61,52,0
"2020-06-11","Chungcheongnam-do",150,143,0
"2020-06-11","Daegu",6888,6651,188
"2020-06-11","Daejeon",46,43,1
"2020-06-11","Gangwon-do",59,51,3
"2020-06-11","Gwangju",32,30,0
"2020-06-11","Gyeonggi-do",992,691,22
"2020-06-11","Gyeongsangbuk-do",1383,1312,54
"2020-06-11","Gyeongsangnam-do",127,123,0
"2020-06-11","Incheon",300,136,0
"2020-06-11","Jeju-do",15,13,0
"2020-06-11","Jeollabuk-do",21,19,0
"2020-06-11","Jeollanam-do",20,18,0
"2020-06-11","Sejong",47,47,0
"2020-06-11","Seoul",1048,675,4
"2020-06-11","Ulsan",53,47,1
"2020-06-12","Busan",147,141,3
"2020-06-12","Chungcheongbuk-do",61,52,0
"2020-06-12","Chungcheongnam-do",150,144,0
"2020-06-12","Daegu",6889,6653,189
"2020-06-12","Daejeon",46,43,1
"2020-06-12","Gangwon-do",59,52,3
"2020-06-12","Gwangju",32,30,0
"2020-06-12","Gyeonggi-do",1011,692,22
"2020-06-12","Gyeongsangbuk-do",1383,1312,54
"2020-06-12","Gyeongsangnam-do",127,123,0
"2020-06-12","Incheon",301,140,0
"2020-06-12","Jeju-do",15,13,0
"2020-06-12","Jeollabuk-do",21,19,0
"2020-06-12","Jeollanam-do",20,18,0
"2020-06-12","Sejong",47,47,0
"2020-06-12","Seoul",1073,680,4
"2020-06-12","Ulsan",53,47,1
"2020-06-13","Busan",147,142,3
"2020-06-13","Chungcheongbuk-do",61,52,0
"2020-06-13","Chungcheongnam-do",151,144,0
"2020-06-13","Daegu",6892,6659,189
"2020-06-13","Daejeon",46,43,1
"2020-06-13","Gangwon-do",59,52,3
"2020-06-13","Gwangju",32,30,0
"2020-06-13","Gyeonggi-do",1025,696,22
"2020-06-13","Gyeongsangbuk-do",1383,1312,54
"2020-06-13","Gyeongsangnam-do",127,123,0
"2020-06-13","Incheon",302,141,0
"2020-06-13","Jeju-do",15,14,0
"2020-06-13","Jeollabuk-do",21,19,0
"2020-06-13","Jeollanam-do",20,18,0
"2020-06-13","Sejong",47,47,0
"2020-06-13","Seoul",1101,688,4
"2020-06-13","Ulsan",53,47,1
"2020-06-14","Busan",147,142,3
"2020-06-14","Chungcheongbuk-do",61,52,0
"2020-06-14","Chungcheongnam-do",151,144,0
"2020-06-14","Daegu",6894,6661,189
"2020-06-14","Daejeon",46,43,1
"2020-06-14","Gangwon-do",60,52,3
"2020-06-14","Gwangju",32,30,0
"2020-06-14","Gyeonggi-do",1035,710,22
"2020-06-14","Gyeongsangbuk-do",1383,1313,54
"2020-06-14","Gyeongsangnam-do",127,123,0
"2020-06-14","Incheon",310,147,0
"2020-06-14","Jeju-do",15,15,0
"2020-06-14","Jeollabuk-do",21,19,0
"2020-06-14","Jeollanam-do",20,18,0
"2020-06-14","Sejong",47,47,0
"2020-06-14","Seoul",1113,689,4
"2020-06-14","Ulsan",53,47,1
"2020-06-15","Busan",147,142,3
"2020-06-15","Chungcheongbuk-do",61,52,0
"2020-06-15","Chungcheongnam-do",152,144,0
"2020-06-15","Daegu",6894,6667,189
"2020-06-15","Daejeon",46,43,1
"2020-06-15","Gangwon-do",60,52,3
"2020-06-15","Gwangju",32,30,0
"2020-06-15","Gyeonggi-do",1045,713,22
"2020-06-15","Gyeongsangbuk-do",1383,1313,54
"2020-06-15","Gyeongsangnam-do",130,124,0
"2020-06-15","Incheon",318,149,0
"2020-06-15","Jeju-do",15,15,0
"2020-06-15","Jeollabuk-do",21,19,0
"2020-06-15","Jeollanam-do",20,18,0
"2020-06-15","Sejong",47,47,0
"2020-06-15","Seoul",1120,689,4
"2020-06-15","Ulsan",53,47,1
"2020-06-16","Busan",148,142,3
"2020-06-16","Chungcheongbuk-do",61,55,0
"2020-06-16","Chungcheongnam-do",152,144,0
"2020-06-16","Daegu",6894,6671,189
"2020-06-16","Daejeon",49,43,1
"2020-06-16","Gangwon-do",60,52,3
"2020-06-16","Gwangju",32,32,0
"2020-06-16","Gyeonggi-do",1050,716,22
"2020-06-16","Gyeongsangbuk-do",1383,1313,54
"2020-06-16","Gyeongsangnam-do",132,124,0
"2020-06-16","Incheon",320,152,1
"2020-06-16","Jeju-do",15,15,0
"2020-06-16","Jeollabuk-do",21,20,0
"2020-06-16","Jeollanam-do",20,18,0
"2020-06-16","Sejong",47,47,0
"2020-06-16","Seoul",1132,703,4
"2020-06-16","Ulsan",53,47,1
"2020-06-17","Busan",148,142,3
"2020-06-17","Chungcheongbuk-do",61,55,0
"2020-06-17","Chungcheongnam-do",153,144,0
"2020-06-17","Daegu",6895,6672,189
"2020-06-17","Daejeon",54,43,1
"2020-06-17","Gangwon-do",60,52,3
"2020-06-17","Gwangju",32,32,0
"2020-06-17","Gyeonggi-do",1063,720,22
"2020-06-17","Gyeongsangbuk-do",1383,1313,54
"2020-06-17","Gyeongsangnam-do",132,124,0
"2020-06-17","Incheon",322,152,1
"2020-06-17","Jeju-do",16,15,0
"2020-06-17","Jeollabuk-do",21,20,0
"2020-06-17","Jeollanam-do",20,18,0
"2020-06-17","Sejong",47,47,0
"2020-06-17","Seoul",1145,710,5
"2020-06-17","Ulsan",53,47,1
"2020-06-18","Busan",148,142,3
"2020-06-18","Chungcheongbuk-do",61,55,0
"2020-06-18","Chungcheongnam-do",156,144,0
"2020-06-18","Daegu",6896,6674,189
"2020-06-18","Daejeon",61,44,1
"2020-06-18","Gangwon-do",60,52,3
"2020-06-18","Gwangju",32,32,0
"2020-06-18","Gyeonggi-do",1079,724,22
"2020-06-18","Gyeongsangbuk-do",1383,1316,54
"2020-06-18","Gyeongsangnam-do",132,124,0
"2020-06-18","Incheon",323,158,1
"2020-06-18","Jeju-do",16,15,0
"2020-06-18","Jeollabuk-do",22,20,0
"2020-06-18","Jeollanam-do",20,18,0
"2020-06-18","Sejong",48,47,0
"2020-06-18","Seoul",1170,718,6
"2020-06-18","Ulsan",53,48,1
"2020-06-19","Busan",148,142,3
"2020-06-19","Chungcheongbuk-do",61,55,0
"2020-06-19","Chungcheongnam-do",156,144,0
"2020-06-19","Daegu",6896,6676,189
"2020-06-19","Daejeon",67,44,1
"2020-06-19","Gangwon-do",60,52,3
"2020-06-19","Gwangju",32,32,0
"2020-06-19","Gyeonggi-do",1090,737,22
"2020-06-19","Gyeongsangbuk-do",1383,1317,54
"2020-06-19","Gyeongsangnam-do",132,124,0
"2020-06-19","Incheon",323,161,1
"2020-06-19","Jeju-do",19,15,0
"2020-06-19","Jeollabuk-do",22,20,0
"2020-06-19","Jeollanam-do",20,18,0
"2020-06-19","Sejong",48,47,0
"2020-06-19","Seoul",1188,724,6
"2020-06-19","Ulsan",53,48,1
"2020-06-20","Busan",150,142,3
"2020-06-20","Chungcheongbuk-do",61,55,0
"2020-06-20","Chungcheongnam-do",158,144,0
"2020-06-20","Daegu",6898,6679,189
"2020-06-20","Daejeon",72,44,1
"2020-06-20","Gangwon-do",60,52,3
"2020-06-20","Gwangju",32,32,0
"2020-06-20","Gyeonggi-do",1107,741,22
"2020-06-20","Gyeongsangbuk-do",1384,1319,54
"2020-06-20","Gyeongsangnam-do",132,124,0
"2020-06-20","Incheon",328,165,1
"2020-06-20","Jeju-do",19,15,0
"2020-06-20","Jeollabuk-do",23,20,0
"2020-06-20","Jeollanam-do",20,18,0
"2020-06-20","Sejong",48,47,0
"2020-06-20","Seoul",1202,730,6
"2020-06-20","Ulsan",53,48,1
"2020-06-21","Busan",150,142,3
"2020-06-21","Chungcheongbuk-do",61,55,0
"2020-06-21","Chungcheongnam-do",159,144,0
"2020-06-21","Daegu",6899,6680,189
"2020-06-21","Daejeon",82,44,1
"2020-06-21","Gangwon-do",62,52,3
"2020-06-21","Gwangju",33,32,0
"2020-06-21","Gyeonggi-do",1117,744,22
"2020-06-21","Gyeongsangbuk-do",1384,1320,54
"2020-06-21","Gyeongsangnam-do",133,124,0
"2020-06-21","Incheon",328,167,1
"2020-06-21","Jeju-do",19,15,0
"2020-06-21","Jeollabuk-do",23,20,0
"2020-06-21","Jeollanam-do",20,18,0
"2020-06-21","Sejong",49,47,0
"2020-06-21","Seoul",1219,733,6
"2020-06-21","Ulsan",53,48,1
"2020-06-22","Busan",150,142,3
"2020-06-22","Chungcheongbuk-do",61,56,0
"2020-06-22","Chungcheongnam-do",161,144,0
"2020-06-22","Daegu",6900,6681,189
"2020-06-22","Daejeon",82,44,1
"2020-06-22","Gangwon-do",62,52,3
"2020-06-22","Gwangju",33,32,0
"2020-06-22","Gyeonggi-do",1123,753,22
"2020-06-22","Gyeongsangbuk-do",1385,1320,54
"2020-06-22","Gyeongsangnam-do",133,124,0
"2020-06-22","Incheon",329,169,1
"2020-06-22","Jeju-do",19,15,0
"2020-06-22","Jeollabuk-do",24,20,0
"2020-06-22","Jeollanam-do",20,18,0
"2020-06-22","Sejong",49,47,0
"2020-06-22","Seoul",1224,733,6
"2020-06-22","Ulsan",53,48,1
"2020-06-23","Busan",150,142,3
"2020-06-23","Chungcheongbuk-do",62,56,0
"2020-06-23","Chungcheongnam-do",161,144,0
"2020-06-23","Daegu",6901,6686,189
"2020-06-23","Daejeon",86,44,1
"2020-06-23","Gangwon-do",62,52,3
"2020-06-23","Gwangju",33,32,0
"2020-06-23","Gyeonggi-do",1130,758,23
"2020-06-23","Gyeongsangbuk-do",1385,1321,54
"2020-06-23","Gyeongsangnam-do",133,124,0
"2020-06-23","Incheon",330,170,1
"2020-06-23","Jeju-do",19,15,0
"2020-06-23","Jeollabuk-do",24,20,0
"2020-06-23","Jeollanam-do",20,18,0
"2020-06-23","Sejong",49,47,0
"2020-06-23","Seoul",1230,743,6
"2020-06-23","Ulsan",53,48,1
"2020-06-24","Busan",152,142,3
"2020-06-24","Chungcheongbuk-do",62,56,0
"2020-06-24","Chungcheongnam-do",162,146,0
"2020-06-24","Daegu",6903,6687,189
"2020-06-24","Daejeon",94,44,1
"2020-06-24","Gangwon-do",63,52,3
"2020-06-24","Gwangju",33,32,0
"2020-06-24","Gyeonggi-do",1137,761,23
"2020-06-24","Gyeongsangbuk-do",1386,1321,54
"2020-06-24","Gyeongsangnam-do",133,124,0
"2020-06-24","Incheon",333,174,1
"2020-06-24","Jeju-do",19,15,0
"2020-06-24","Jeollabuk-do",25,20,0
"2020-06-24","Jeollanam-do",20,18,0
"2020-06-24","Sejong",49,47,0
"2020-06-24","Seoul",1241,747,6
"2020-06-24","Ulsan",55,48,1
"2020-06-25","Busan",152,142,3
"2020-06-25","Chungcheongbuk-do",62,57,0
"2020-06-25","Chungcheongnam-do",163,146,0
"2020-06-25","Daegu",6903,6689,189
"2020-06-25","Daejeon",98,44,1
"2020-06-25","Gangwon-do",63,52,3
"2020-06-25","Gwangju",33,32,0
"2020-06-25","Gyeonggi-do",1146,777,23
"2020-06-25","Gyeongsangbuk-do",1386,1321,54
"2020-06-25","Gyeongsangnam-do",133,125,0
"2020-06-25","Incheon",334,182,1
"2020-06-25","Jeju-do",19,16,0
"2020-06-25","Jeollabuk-do",25,20,0
"2020-06-25","Jeollanam-do",20,18,0
"2020-06-25","Sejong",49,47,0
"2020-06-25","Seoul",1250,761,7
"2020-06-25","Ulsan",55,48,1
"2020-06-26","Busan",152,142,3
"2020-06-26","Chungcheongbuk-do",62,60,0
"2020-06-26","Chungcheongnam-do",166,148,0
"2020-06-26","Daegu",6903,6695,189
"2020-06-26","Daejeon",102,44,1
"2020-06-26","Gangwon-do",64,52,3
"2020-06-26","Gwangju",33,32,0
"2020-06-26","Gyeonggi-do",1150,814,23
"2020-06-26","Gyeongsangbuk-do",1387,1327,54
"2020-06-26","Gyeongsangnam-do",133,125,0
"2020-06-26","Incheon",336,231,1
"2020-06-26","Jeju-do",19,16,0
"2020-06-26","Jeollabuk-do",25,20,0
"2020-06-26","Jeollanam-do",20,18,0
"2020-06-26","Sejong",49,47,0
"2020-06-26","Seoul",1267,843,7
"2020-06-26","Ulsan",55,49,1
"2020-06-27","Busan",152,142,3
"2020-06-27","Chungcheongbuk-do",63,60,0
"2020-06-27","Chungcheongnam-do",166,148,0
"2020-06-27","Daegu",6904,6700,189
"2020-06-27","Daejeon",104,44,1
"2020-06-27","Gangwon-do",64,52,3
"2020-06-27","Gwangju",33,32,0
"2020-06-27","Gyeonggi-do",1167,858,22
"2020-06-27","Gyeongsangbuk-do",1387,1328,54
"2020-06-27","Gyeongsangnam-do",133,128,0
"2020-06-27","Incheon",337,250,2
"2020-06-27","Jeju-do",19,16,0
"2020-06-27","Jeollabuk-do",26,20,0
"2020-06-27","Jeollanam-do",20,19,0
"2020-06-27","Sejong",49,47,0
"2020-06-27","Seoul",1284,911,7
"2020-06-27","Ulsan",55,50,1
"2020-06-28","Busan",152,143,3
"2020-06-28","Chungcheongbuk-do",64,60,0
"2020-06-28","Chungcheongnam-do",167,148,0
"2020-06-28","Daegu",6904,6700,189
"2020-06-28","Daejeon",110,44,1
"2020-06-28","Gangwon-do",64,53,3
"2020-06-28","Gwangju",37,32,0
"2020-06-28","Gyeonggi-do",1184,873,23
"2020-06-28","Gyeongsangbuk-do",1387,1328,54
"2020-06-28","Gyeongsangnam-do",133,128,0
"2020-06-28","Incheon",337,264,1
"2020-06-28","Jeju-do",19,16,0
"2020-06-28","Jeollabuk-do",26,21,0
"2020-06-28","Jeollanam-do",23,19,0
"2020-06-28","Sejong",49,47,0
"2020-06-28","Seoul",1298,923,7
"2020-06-28","Ulsan",55,50,1
"2020-06-29","Busan",153,143,3
"2020-06-29","Chungcheongbuk-do",64,60,0
"2020-06-29","Chungcheongnam-do",167,150,0
"2020-06-29","Daegu",6906,6700,189
"2020-06-29","Daejeon",112,44,1
"2020-06-29","Gangwon-do",64,54,3
"2020-06-29","Gwangju",41,32,0
"2020-06-29","Gyeonggi-do",1200,888,23
"2020-06-29","Gyeongsangbuk-do",1388,1328,54
"2020-06-29","Gyeongsangnam-do",134,128,0
"2020-06-29","Incheon",338,284,1
"2020-06-29","Jeju-do",19,16,0
"2020-06-29","Jeollabuk-do",27,21,0
"2020-06-29","Jeollanam-do",24,19,0
"2020-06-29","Sejong",49,47,0
"2020-06-29","Seoul",1305,942,7
"2020-06-29","Ulsan",55,50,1
"2020-06-30","Busan",154,142,3
"2020-06-30","Chungcheongbuk-do",65,60,0
"2020-06-30","Chungcheongnam-do",167,150,0
"2020-06-30","Daegu",6906,6700,189
"2020-06-30","Daejeon",117,44,1
"2020-06-30","Gangwon-do",65,54,3
"2020-06-30","Gwangju",44,32,0
"2020-06-30","Gyeonggi-do",1207,931,23
"2020-06-30","Gyeongsangbuk-do",1389,1328,54
"2020-06-30","Gyeongsangnam-do",134,128,0
"2020-06-30","Incheon",341,290,1
"2020-06-30","Jeju-do",19,16,0
"2020-06-30","Jeollabuk-do",27,21,0
"2020-06-30","Jeollanam-do",24,19,0
"2020-06-30","Sejong",50,47,0
"2020-06-30","Seoul",1312,985,7
"2020-06-30","Ulsan",55,50,1
